報導標題,報導日期,報導大意,報導內文
台灣選手東奧創佳績 背後團隊期待選手培育系統有全面性發展,2021-09-02,台灣選手在本屆奧運中表現傑出，獲得2金、4銀、6銅成績，刷新史上最佳紀錄。選手們在回台後出席了不少活動，也接連表示，會努力備戰未來的各項比賽。至於選手們能夠有好表現，教練、防護員和心理師等團隊努力同樣功不可沒。他們也期待未來相關的選手培育系統，可以更全面性的發展，才能成為團隊征戰國際的最堅強後盾。,代表台灣，征戰東京奧運的幾位選手依序上台，從台北市長柯文哲手中接過獎狀或獎盃。台北市表揚運動有功團體和人員，在今年增設東奧優秀選手和教練獎，感謝台北市的選手和教練，在運動場上努力不懈。東奧空手道銅牌選手文姿云表示，「不論是生活補助津貼，然後還有各方的措施，然後讓我們可以好好的、無後顧之憂地訓練。」舉重選手郭婞淳在東奧奪下金牌後，回到母校輔仁大學，為自己的榮耀揭牌，並感謝學校栽培和支持。東奧舉重金牌選手郭婞淳說：「接下來也會持續的，繼續在下一次的每一場比賽，包括在2024年的巴黎奧運，也希望可以再為輔仁大學可以奪得佳績。」郭婞淳說，會持續爭取好成績，更把目標指向下一屆巴黎奧運，同時還要把所學和經驗，傳授給學弟妹。在今年東奧賽事中，台灣選手表現亮眼，刷新史上最佳獲獎紀錄。除了選手自身努力之外，教練、防護員等幕後團隊更是功不可沒，但他們的薪資結構、人力等層面，都還有補強空間。東奧空手道銅牌文姿云教練黃昊昀認為，「如果是用計畫來約聘的一些運科人員，或者是從業人員來說，薪水大概碩士畢業是3萬8。（如何）讓頂尖的教練，又能夠在原單位保有他的工作，又能夠下去左訓，國訓中心來協助，這也是一個很重要的議題。」在東京奧運結束後，選手們陸續重回訓練中。總統蔡英文說，對選手進行專業訓練的黃金計畫會持續進行，還有立委指出，台灣應該仿效歐美日韓等國，設立國家級的運動科學中心，系統性使用運動科學來協助選手，才能將東奧的好表現延續，而不會成為曇花一現。
輔大「婞淳金牌廳」今舉行揭牌 郭婞淳：會在2024年巴黎奧運持續為國爭光,2021-09-02,舉重女將郭婞淳在東京奧運中拿下金牌，她任教的輔仁大學，特別規劃建置「輔仁大學運動名人堂—婞淳金牌廳」，今天舉行揭牌儀式，表彰她傑出的表現。郭婞淳表示，會在2024年巴黎奧運持續為國爭光。,舉重女將郭婞淳和輔大的師長們一起揭牌，笑得格外的開心。郭婞淳在東奧賽事中，為我國拿下本屆首面金牌，她在抓舉、挺舉及總和成績，都是新的奧運紀錄。輔仁大學2日特別規劃建置運動名人堂—婞淳金牌廳，表彰她傑出的表現。東奧舉重金牌選手郭婞淳表示，「輔仁大學一直以來給予我非常非常大的支持跟鼓勵，然後也給我非常多的協助，讓我可以在邁向東京奧運金牌的這條路上，有多了很大的一個力量。」輔大校長江漢聲說：「希望未來在這個學校裡面，能夠訓練更多能夠奪奧運獎牌的選手。那婞淳我們會給她一個特別的婞淳的一個堂，像是名人堂，將來有非常非常多的選手能夠得到。」郭婞淳是輔大體育系友，亞運摘金後被系上聘為副教授，在輔大的時間已經8年。輔大2日為了歡迎郭婞淳返校，除了規畫金牌廳，還致贈她獎勵金大紅包，郭婞淳也回贈簽名Ｔ恤。東奧舉重金牌選手郭婞淳說：「接下來也會持續的，繼續在下一次的每一場比賽，包括在2024年的巴黎奧運，也希望可以再為輔仁大學可以奪得佳績。」感謝學校的栽培及支持，郭婞淳強調，會持續在國際賽事，尤其再來的巴黎奧運中爭取佳績，並且將所學及比賽經驗，傳授給學弟妹。 
總統府明辦台灣英雄派對 感謝東奧國手,2021-08-31,"台灣選手在東京奧運獲得2金4銀6銅，創下史上最佳成績，因為疫情，因此歡慶英雄谷的遊行延後，但總統府會在明天舉行「台灣英雄派對」，感謝選手努力。而舉重金牌郭婞淳說，和選手們聚在一起相當感動，但拳擊第五名的陳念琴就很直接表示，說東奧熱潮會隨時間過去而逐漸降低，也很開心能經由總統晉見，讓國人再次看見大家。
",俏皮五連拍，訪問時互相舖梗，東奧舉重金牌郭婞淳、柔道銀牌楊勇緯，拳擊第五名陳念琴，返國後首次合體，展現好交情！三人這次出席代言品牌，捐贈運動基金給各自母校的活動，有話要對學弟妹們說。郭婞淳勉勵，「相信所有經驗的累積，也相信所有的挫折，一切都會是最好的安排，只有你相信，然後我們一起加油。」即便已拿到奧運金牌，完成金滿貫拚圖，郭婞淳不自滿，也期許學弟妹們勇敢向前。楊勇緯更直言，任何項目的運動員都很不容易，不管輸贏，勿忘初衷。楊勇緯強調，「從頒獎台下來，走下去的那一刻開始，就告訴自己說，一切都是要重新開始，然後卸下這個光環，然後保持著初心。」9月1日，三人就要和其他東奧國手、教練、裁判與後勤人員到總統府參加英雄凱旋派對，陳念琴直率地說，希望大家別忘了繼續關心體育，稍晩參加合庫活動的球后戴資穎則說，不曉得到時會是怎樣的安排。陳念琴開玩笑地說，「其實體育這件事情，很快大家就會把我們給遺忘了，先難過一下…….。好，沒有啦，就是其實我覺得，這次跟總統見面，然後我們有很多的活動讓我們去亮相，能夠讓我們全球(國)的人民一起再把這個熱潮，繼續的炒起來。」戴資穎表示，「每一次的安排應該都會是最隆重，讓大家可以有很好的感覺，然後也可以讓大家就是印象深刻。」返國完成檢疫後，不少國手行程滿檔，也有人享受難得的居家生活，他們說，下週起將陸續回到訓練常軌，為接下來的國內外賽事好好準備。 
楊勇緯、林真豪回高中母校 將奪獎戰袍留下勉勵學弟妹,2021-08-13,"東京奧運柔道銀牌選手楊勇緯，以及女子柔道打進前八強的林真豪，回台中的第一個公開活動就是回到台中母校新民高中，受到熱烈歡迎。楊勇緯說希望和學弟妹分享國際賽事的比賽經驗，下一個目標，將積極備戰下屆亞運和奧運。
",才回到台中的母校新民高中，奪下東京奧運柔道銀牌的楊勇緯，以及打進女子柔道前八強的林真豪，受到熱烈歡迎。楊勇緯說這次，和高中同校同學林真豪，一起在奧運殿堂拿下好成績，除了分享經驗，也把奪獎穿的戰袍留給學校，希望鼓勵學弟妹。楊勇緯說，自己在學校有滿滿回憶，這次回到學校除了感謝，也希望和學弟妹經驗傳承。這次在男子60公斤級，替中華隊拿下銀牌，過程雖然艱辛，但還不到自己的要求，也將繼續備戰亞運和下屆奧運。東奧柔道銀牌選手楊勇緯說，「當然還是以明年亞運為目標，然後再來就是巴黎奧運。」而帶隊執行教練表示，目前雖然國家，對選手有國光獎金鼓勵，各縣市政府也陸續加碼，鼓勵選手為國爭光，但最重要的還是體育環境的改善。東奧國家柔道代表隊執行教練劉文等強調，「(目前主要是)企業隊來幫助這些選手，讓它們選手生涯更加地延長，不是到大學畢業了、研究所畢業了，他們就結束他們的運動生命。」教練表示，除了獎金鼓勵，最重要的是要延續選手的體育生命，以及體育環境的改善，除了和企業合作贊助，最重要的還是選手的培育和經驗傳承，才能體育發展得以永續。 
東奧最後一批選手今搭機回國 田徑總教練再為經濟艙爭議緩頰,2021-08-09,我國選手在東京奧運，創下史上最佳成績二金、四銀、六銅。東奧昨晚閉幕後，包括田徑選手鄭兆村等最後一批選手，以及代表團人員，今天傍晚搭機回國，受到熱烈歡迎。,一起合照，比出「讚」的手勢，9日返國的陳傑、鄭兆村等田徑好手，以及代表團人員，共37人一起感受國人的喜悅及支持。東奧8日閉幕，我國好手在柔道、羽球、體操、高爾夫等項目中，表現突出，創下二金、四銀、六銅的史上最佳成績。東京奧運田徑國手陳傑表示，「大家真的都是很辛苦，很努力，在田徑場上，沒有人是想要表現不好的，所以大家真的盡了最大的努力，也很感謝所有的教練，還有背後團隊，還有物理治療師。」而標槍好手「黃金右臂」鄭兆村，因為在資格賽中止步，傳出他考慮明年亞運，如果成績沒有回升，將會退休。東京奧運田徑總教練孫念祖表示，「沒有辦法，比賽就是這麼殘酷，這麼現實。我們等到回到國訓中心之後，我們再來討論看看，為了明年的亞運會，希望他們能夠在亞運會，再重新有好的成績表現。」而先前的經濟艙爭議，還傳出總領隊失言嗆聲選手，國內檢討聲四起。對此，總教練也發言緩頰。東京奧運田徑總教練孫念祖回應，「包括中華奧會，還有我們教育部體育署，還有我們國家訓練中心，真的沒有他們，不可能有今天有這麼好的成績。也要為這些幕後的工作人員，也要讓他們有一個好的心情回來，不要說成績好，回來也要被罵被檢討，這個有感而發。」對於我國代表團，這次拿下合計12面獎牌，得牌數排名34，更首次突破雙位數，飛機起飛時，也廣播了總統蔡英文感謝選手的發言。
東京連5天單日確診逾4千人 首相菅義偉民調支持率首次跌破3成,2021-08-09,日本奧運昨（8）天落幕，不過東京疫情已經連續5天，單日確診超過4千人，其他縣市也紛紛創下單日確診新高。儘管帕運馬上又要展開，但是政府的防疫政策，遲遲無法讓疫情降溫，這也讓日本首相菅義偉的民調支持率，首次跌破3成。,日本東京奧運落幕，閉幕式會場內，熱熱鬧鬧；會場外，則有反奧運團體，跟慶祝閉幕的民眾聚集，讓街道瞬間成了人口密集區。奧運期間，東京街頭外出人潮增加，讓東京過去5天疫情，天天確診超過4千人，一度還高達5千人，住院患者連2天創新高，超過3500人。加上首都圈的一日生活圈影響，疫情開始往外蔓延，連動影響到其他縣市，包括鹿兒島、京都、茨城，8日紛紛創下單日確診新高，也造成醫療資源緊迫，許多醫院無法接受其他急診患者就醫。日醫大附設醫院高度急救中心長橫堀將司說：「抱歉，新冠病床已經滿了，這是拒絕患者的名單，11分之10是新冠疫情相關患者，還有一件，是發生痙攣。」疫情在奧運期間延燒，過去7天平均每天確診人數，是開幕日的2.9倍。隨著帕運馬上又要在23日開幕，但日本政府除了呼籲民眾在家看比賽，增加實施緊急狀態、防止蔓延等重點措施的實施區域，似乎沒有有效防疫政策。無法讓疫情降溫，也讓日本首相菅義偉任職以來的民調支持率，第一次跌破30%，只剩下28%，比奧運前還低。《朝日新聞》調查顯示，有高達60%的民眾不希望菅義偉連任首相，有3分之1的民眾不贊成舉辦閉幕儀式。儘管菅義偉跟日本奧運組委會強調，奧運跟東京確診人數暴增無關，但帕運期間，日本政府要如何抑制蔓延，依舊成為馬上要面臨的課題。
日本金牌破紀錄 東奧人氣扶搖直上,2021-08-09,"因為疫情延燒，東京奧運在國內遭到強烈反對，不過隨著日本隊的表現越來越好，主場館外的五環標誌，吸引不少民眾排隊打卡拍照，東奧周邊商品銷量也非常好。
",奧運各項賽事如火如荼進行之際，位於東京鬧區的主場館周圍，依舊有反對東奧的人士遊行示威，規模從十幾人到上百人都有。而設在東京夢之大橋的聖火台，以及主場館國立競技場外的五環標誌，卻是每天都吸引川流不息的人潮來打卡拍照，就算要頂著攝氏30多度的大太陽排隊等候，民眾依舊樂此不疲。神奈川縣居民苗田江月說：「我們都在家看電視轉播比賽，但我們想要在東京感受奧運氣氛，所以就到這裡來了。」去年一整年冷冷清清，買氣低迷的2020東奧官方授權商品專賣店，在開幕典禮舉行過後，居然出現搶購潮。以東京新宿區的東奧官方商店為例，奧運一開打店裡1700項商品，像是紀念徽章、杯子等全部賣光光。平日上門消費的顧客約在一百多人上下，到了周末人潮加上量體溫手部消毒等程序，門裡門外都是大排長龍的景象。日本消費者仲田佳子表示，「我是覺得這運動員穿起來挺好看的，雖然是有點太鮮豔，但還是值得買一件當紀念品，想想我的年紀，這或許是我最後一次看奧運在日本舉行。」同樣的場景也出現在日本其它的城市，大阪市的一家東奧官方商店，一個月前每天的客流量不到十人，但7月23日之後，人數激增了十倍。馬拉松和競走項目的賽事地點北海道，今年五月開業的札幌官方商店，也是在奧運登場後才湧現人潮。日本消費者須藤清志說：「在奧運開始之前很多人反對舉行，我很難相信熱情會隨之而來，但如你所看到的，現在（奧運會）一切開始了，大家很興奮，只要他們不讓自己處於危險之中。」新冠病毒確診病例日增一萬多例，日本政府日前宣布從8月2日起，「緊急事態宣言」將擴大到埼玉縣、千葉縣、神奈川縣及大阪府，加上已經實施的東京都及沖繩縣總共六都府縣，預計月底解除。
東奧3對3籃球男子金牌得主 手語發表感言,2021-08-09,東京奧運吸引全球目光，最近在聾人社群社群有一部短片很紅。首度加入奧運的3對3籃球賽，男子組奧運金牌的得主，竟然是用手語來發表他的感言。,男子3對3籃球金牌米齊斯用手語說，謝謝你們對我的支持，我愛你們大家，加油！拉脫維亞！謝謝。畫面中這一位比手語的拉脫維亞選手，米齊斯，他並不是聾人，而是他的父母是聾人，因此特地用手語表達對支持者的感謝。其實，這次東京奧運，也有聽障運動員拼戰的身影。首先介紹，美國男子排球隊，36歲的大衛史密斯，是一名戰績輝煌的老將，不但連續三屆奧運，代表美國男排出賽，並在上一屆的里約奧運拿下銅牌。史密斯雙耳接近全聾，從小就讀一般學校，戴助聽器，和人溝通以口語為主。喜愛排球的他，2007年率領就讀的大學奪得全美冠軍，入選大學聯賽最佳陣容。2009年獲選加入美國代表隊，曾經在世界盃被評為最佳攔網手。不過，這次東京奧運，美國隊預賽被淘汰，無緣獎牌。接著是女子高爾夫球，20歲印度選手達加爾，7歲就開始接觸高爾夫球，曾經在2017年土耳其薩姆松聽障奧運奪得銀牌。2019年正式開始高爾夫職業生涯，並在女子歐洲巡迴賽奪過兩次錦標賽冠軍，這次是她第一次參加奧運比賽，雖然沒有得名，但她仍是被看好的未來高爾夫球之星。 
東京奧運》閉幕典禮展現日本文化 會旗交棒給巴黎,2021-08-09,"東京奧運昨天晚間舉行閉幕式，為期17天的精彩賽事，宣告圓滿落幕，因為疫情關係，同樣不開放觀眾進場，但表演活動展現了日本的傳統文化與活力，東京都知事小池百合子，將奧運會旗交棒給下一屆2024奧運的主辦城市巴黎。這次中華隊一共拿下兩金四銀六銅，也寫下我國參加奧運史上奪牌最多的紀錄。
",在一系列激烈精彩的賽事之後，東京奧運迎來了閉幕式，各國掌旗官陸續進場，中華隊由陳傑掌旗，出席選手包括楊俊瀚及鄭兆村也都是田徑代表隊成員。透過光影投射，流洩的金沙光線在空中形成奧運五環標誌，體現團結、追求卓越的精神。知名動畫鬼滅之刃的主題曲《紅蓮華》炒熱現場氣氛，並把滑板等多種運動項目融入演出，主辦單位希望因為疫情關係無法好好造訪當地的各國選手們，能夠感受到日本的文化和活力。典禮上一大亮點，就是在現場首次同時進行男女馬拉松賽事頒獎，由國際奧會主席巴赫親自頒獎，傳達多元性別平權的理念，這次來自非洲肯亞的長跑軍團，囊括了男子冠軍以及女子冠亞軍，無疑是最大贏家。由日本知名男高音岡本知高登台獻唱奧林匹克會歌，奧會會旗也緩緩降下，日本東京都知事小池百合子，將奧運會旗傳給了2024奧運主辦城市的法國巴黎市長伊達戈，也是奧運史上首度由女性交給女性。「我宣布第32屆奧會閉幕。」國際奧會主席巴赫說。在日本知名藝人大竹忍和孩子們的歌唱聲中一起仰望星空，以富士山為意象的聖火緩緩熄滅。法國艾菲爾鐵塔前同時也聚集大批民眾和已經歸國的運動員，和東京隔海慶祝，延後一年登場的東京奧運，面臨了無數考驗，如今圓滿落幕，選手也已經摩拳擦掌，相約三年後巴黎再見。 
東京奧運》美國最後進帳三面金牌 成本屆奧運獎牌榜榜首,2021-08-09,"東京奧運最後一天賽事，美國女籃在金牌戰以90比75擊敗地主日本，完成奧運七連霸；美國女排也在金牌戰，以3比0打敗巴西，拿下隊史首面金牌。美國在最後一天一口氣進帳三面金牌，在獎牌榜上超越中國，以39金、41銀、33銅，連續三屆奧運在獎牌榜排名榜首。
",命中三分外線，幫助美國女籃首節以23比14取得領先；東京奧運最後一天賽事，美國隊在女籃金牌戰尋求七連霸，得過地主日本這關。美國女足隊長拉皮諾(Megan Rapinoe)，在場邊為美國隊，也幫自己的妻子加油，美國一路領先，最後就以90比75，粉碎日本挑戰金牌的美夢，完成奧運女籃七連霸。鏡頭轉到排球場，美國女排隊史第四度闖進奧運金牌戰，面對巴西，先以25比21搶下首局；美國前兩局打得輕鬆，很快就取得聽牌優勢，雖然第三局一開始，讓巴西取得小幅領先，不過美國很快就回穩。最後美國靠著這記時間差的殺球，收下金牌點。這是美國隊史，首度在奧運女排奪金，加上自由車再添一金，最後一天賽事，美國追加三金，在獎牌榜一舉超越中國、排名榜首。兩人配合漂亮得分，身穿白色球衣的法國隊，在女子手球金牌戰遭遇俄羅斯，法國在16比16平手後，一直都保持領先，最後就以30比25擊敗俄羅斯，摘下隊史首面女子手球金牌。加上前一天，法國在男子手球摘金，這也是1984年洛杉磯奧運以來，首度出現由同一國家包辦男女手球金牌。本屆東奧最後一場金牌戰、男子水球，塞爾維亞和希臘，在第四節最後七分鐘，還戰成10比10平手；塞爾維亞把握機會，取得領先優勢。塞爾維亞在關鍵時刻連進三球，最後就以13比10，帶回本屆東奧最後一面金牌，畫下完美句點。 
東京奧運》男子馬拉松 肯亞基普喬蓋摘金連霸,2021-08-09,"東京奧運最後一天賽事重頭戲男子馬拉松，由肯亞基普喬蓋摘金成功連霸。場地自由車男子競輪賽寫下驚奇，英國傑森肯尼收下奧運第7金。拳擊女子輕量級金牌，由愛爾蘭兼職醫院清潔員封后。
",東京奧運壓軸大賽男子馬拉松，在北海道札幌大通公園周邊進行，當初就是為了避開酷熱天氣，將原本競賽場地從東京搬到這裡，不過8月8日上午氣溫攝氏27度，許多選手相當吃不消；鏡頭上這位，是倫敦奧運馬拉松金牌奇普羅蒂奇，他因為受不了高溫棄權。而全場最受矚目的就是世界紀錄保持人──肯亞的基普喬蓋，他是上一屆里約奧運金牌，從39公里之後開始獨自領先，最後以2小時08分38秒獲得金牌，成為自1980年以來首位在馬拉松成功衛冕的跑者，也是史上第3位在這個項目連莊的選手。今年36歲的基普喬蓋被認為是史上最偉大的馬拉松運動員，有趣的是，他的奧運生涯如同集點遊戲，2004年雅典奧運銅牌、2008北京奧運5000公尺銀牌，加上連霸金牌，奧運金銀銅全都拿過。本屆奧運自由車賽出現最耀眼的金牌夫妻，場地自由車男子競輪賽，鏡頭上這位是來自英國的傳奇車手傑森肯尼，在決賽獨領風騷，以0.763秒的優勢摘金，這也是他在奧運的第7面金牌，成為英國金牌數最多的自由車手，此刻他兩歲兒子正在英國家中看老爸封王，他的太太羅拉這次在東京已經有一面金牌，6日在麥迪遜賽與隊友聯手奪下，也是英國第1位連續三屆奧運都拿金牌回家的女車手，奧運生涯5金，夫妻的金牌共12面，堪稱黃金夫妻。 
東京奧運》疫情下的奧運賽事 逾七萬志工默默付出,2021-08-09,"東京奧運受到新冠肺炎影響，延期一年，日本有部份的民眾相當反彈，甚至在輿論壓力下，多次被要求停辦，不過最終還是順利劃下句點。在史無前例的防疫緊急狀態情況下，長達17天的賽事能夠順利進行，幕後默默付出的七萬一千名志工，可說是最主要的力量。
",東奧最終日，閉幕式國立競技場外的奧運博物館也排起人龍，希望能用另種方式參與落幕。東奧受疫情影響延期一年，反對舉辦的聲浪也是一波未平一波又起，如今順利進行到最後，來自海內外的工作人員是少數可以親臨現場人士，相信他們對疫情下東奧辦的如何，最有感觸。東京奧運志工Sandy Cheng表示，「（奧運前）我確實有想過取消申請，不過既然比賽最後還是辦了，我決定就放手，盡力去試試看，後來我非常開心我做了這個決定，這真的是很美好的經驗，我在這裡遇到很多很棒的人，不管是志工、運動員、各國隊職員，我從這次奧運學到很多，也讓我非常大開眼界。」東京奧運工作人員 Omprakash Mundra說，「這次我第6次參與奧帕運，日本真的用盡所有力量，不管是金錢或時間，希望可以讓奧運成功舉辦，東京的交通是全世界最棒的城市之一，你無法找到像這裡這麼棒的交通。」東京奧運志工姚宣宏認為，「我覺得(東奧)很好，雖然說要開幕之前大家有很多不同的想法，可能要開不開，但是我覺得它對所有的人類、對全球來說，會是一個正面的影響，那也很開心﹑這次中華隊有得到很多獎牌。」很少有城市能像東京這樣，擁有三次舉辦奧運的機會，儘管回頭來看命運多舛，但2021年這次TOKYO 2020，日本還是在疫情及辦賽之間找到平衡，相信對參與這次奧運的人來說，很多事絕對是前所未見。東京奧運志工姚宣宏提到，「（我）開幕式的時候臨時被叫去幫緬甸拿國旗進場，然後我就是第三個台灣人，就是拿那個國旗進場的那個台灣人。」東京奧運志工 Sandy Cheng強調，「當志工時，我特別想幫助奧運的潛力之星，或是讓其他人對奧運更感興趣，所以希望這不是我唯一一次的奧運經驗，接下來我還希望有第2次、第3次，我一定會到。」東京奧運順利劃下句點，也因為疫情關係，下屆巴黎奧運三年後馬上接著來。期待全世界的運動員們，無論這次表現如何，時間已經在跑，上緊發條，為巴黎做好準備。
東奧今晚閉幕 選手村仍新增26例確診,2021-08-08,"東京奧運即將閉幕，但直到八號最後一天，選手村依舊新增了26例確診。而閉幕當天，更有盧碧與銀河兩個颱風，分別逼近九州與關東地區，東京都一整天下著雨，周邊交通到閉幕典禮前，都實施高規格維安措施。
",今年第十號颱風銀河八號接近日本關東地區，千葉縣和伊豆群島出現強風豪雨，陸空交通部分中斷，奧運地點東京同樣下著大雨，即將舉行閉幕典禮的國立競技場周邊，架起路障實施嚴密的安檢．這段期間的打卡熱點奧林匹克廣場五環標誌，因為安全措施而關閉，雖然觀眾還是無緣出席閉幕盛會，對本屆賽事仍然表示肯定．43歲銷售員東松認為，「儘管擔心無法舉辦奧運會，但最終讓我們看到，運動員在電視上表演和比賽，非常感動，我覺得真是太好了。」另外位在日本西南方海域，對奧運沒有影響的盧碧颱風，則將在八日晚間登陸九州，氣象廳也發出豪雨土石流警報．本屆奧運因為疫情延遲一年，陰霾始終揮之不去，到賽事最後一天，奧組委仍然通報26起新增確診，總計從七月一日起，共有430例與奧運相關的確診，雖然沒有對外擴散到民間．但全日本疫情仍然持續緊繃，東京已經連續五天新增確診四千人以上，全國單日新增也達到一萬五千例，東京都等六個都府縣實施緊急事態宣言。此外牛津大學的研究也指出，這是史上最貴的一場奧運，官方的開銷數據是154億美元，這筆錢在日本足以建造將近300間300張床位的醫院或1200所小學，但根據日本政府審計人員，實際支出可能達到兩倍之多。 
東京奧運》女子韻律體操團體賽 保加利亞奪金終結俄羅斯連五冠紀錄,2021-08-08,"東京奧運今天閉幕，上午11點進行女子團體全能韻律體操比賽，保加利亞隊在第一輪的五球，與第二輪的三環兩棒項目中，都拿下最高分，以總分92.100分，贏得冠軍，也中止俄羅斯連五屆奧運金牌紀錄。
",身穿大紅服裝，手拿金環與紅棒，保加利亞五位女子團體全能韻律體操選手，在第二輪的三環兩棒中，展現絕佳默契，完美拋接手具，更展現藝術性，拿下44.550的最高分，再加上第一輪五球也拿到最高分，最後就以兩輪總分92.100奪下金牌，而這面金牌對他們意義非凡，因為中止了俄羅斯連續五屆在奧運此項目稱霸金牌的紀錄。俄羅斯選手也表現不俗，總分經申訴再提高，只差保加利亞隊1.4分奪銀。最高興的莫過於義大利隊，在第一輪五球比賽，身穿日本忍者風服裝，名次排在第四，不過第二輪原本領先的白俄羅斯出現失誤，反倒讓義大利超前，拿到銅牌，選手開心擁抱慶祝。奪金的保加利亞，由老將為所有成員掛上勝利獎牌，在東京奧運閉幕的陰雨天，留下人生中、閃閃發亮的美好回憶。 
【圖輯】東京奧運Day17》賽場上的無名英雄 上萬志工只為成就完美東京奧運,2021-08-08,受到防疫規定影響，東京奧運婉拒大部分來自海外的志工參與，只有專業人士才能被大會獲選，最後約有5萬4千多名志工協助翻譯、庶務、醫療、場館管理等工作，除了不乏學生和高齡長者投入，還有不少志工是朝九晚六的上班族，他們向公司請長假參與奧運。,根據東京奧運官網說明，志工們每天領一千日圓（約新台幣250元）的車馬費、供一餐，工時為每天八小時，包括休息和待命時間，且部分東奧志工並未支薪。對於這些默默忙碌的志工們來說，他們的存在就是希望幫助東京奧運順利舉行，即使冒著染疫的風險仍堅持參與，希望在後疫情時代透過奧運盛會，恢復世界交流的橋樑。8月7日舉行的女子空手道61公斤級淘汰賽中，義大利選手希爾維亞·塞梅拉羅 （Silvia Semeraro）和土耳其選手梅爾泰姆·霍卡奧盧（Meltem Hocaoglu Akyol）在對戰時受傷。塞梅拉羅不慎被土耳其選手霍卡奧盧踢出一腳後，頭部流血受傷，場邊的工作人員立刻上前幫忙用繃帶包紮傷口，並清理賽場。其他工作人員，則上前移除一部分沾有血跡的墊子。8月1日舉行的羽球女子單打金牌戰由台灣選手戴資穎與中國選手陳雨菲對戰，一名工作人員正迅速清理場地。7月27日舉行女子鐵人三項比賽前，穿著雨衣工作人員正清理場地的積水。許多路過的日本民眾站在場邊觀看女子鐵人三項比賽，同一時間，工作人員也在街道上冒雨舉著「不要在路邊觀看」的標示牌。東京奧運期間新冠肺炎疫情仍嚴峻，因此奧運會的工作人員時時刻刻都要消毒清潔會場，任何一處都不得馬虎。一名工作人員在7月24的桌球混雙16強比賽進行中清潔椅子。7月22日在東京武藏野森林體育廣場的奧運媒體中心，一名工作人員正清潔塑膠隔板。7月27日舉行的自由式小輪車課程排練前，東京奧運獎牌儀式工作人員站在雨中。7月28日在瑞典和葡萄牙進行的男子B組手球預賽中，三名工作人員正在清理比賽場地。
從反彈辦東奧到熱衷賽事 日本民眾心態轉變但仍憂心疫情,2021-08-08,"日本在國民一片反彈聲浪下舉辦東京奧運，隨著賽事進展，日本選手揮灑汗水且奪下獎牌，振奮了苦悶的防疫生活，但部分日本民眾說，日本確診數逐日攀升，不清楚和辦奧運有沒有關聯，即便就要落幕，仍無法論定，舉辦奧運，究竟是好還是不好？
",手沖咖啡，兼賣自做的點心輕食，SATOMI四年前在東京日本橋巷弄，開了這家小小卻很有味道的咖啡店，一年多來受疫情影響，奧運期間也沒有外國觀光客，生意一落千丈。Byronbay coffee日本橋店店主 SATOMI表示，「店裡面很安靜，和新冠疫情爆發之前相比是很艱難在經營。」SATOMI說，為了生活，重心在工作，加上自己本來就不是體育咖，對奧運賽事相當無感。SATOMI說，「其實我一點都不關心奧運，不過當然當我回家後，打開電視看奧運的相關節目，我會好奇(選手表現如何)。」奧運和自己扯不上邊，也不能進場觀賽，開幕前和最開始，不少日本民眾就算沒抵制，也冷眼旁觀，但當自家選手揮灑汗水，流下開心或不甘心淚水，站上頒獎台，加入享受賽事的人變多了。東京居民YOUSHIE說，「個人喜歡柔道，(高藤直壽)決賽很感動，我第一次知道楊勇緯，但是他長得很帥啊。」儘管部分的日本民眾可能對日本這次舉辦東京奧運，有抵制甚至反感，不過在許多熱門的地標或是景點，只要有出現奧運的五環，都會有許多民眾在這邊留影。主場館外的奧運五環前，每天都有排隊人龍等合影，再去奧運禮品店採買，民眾試圖在這場盛會留下些記錄，但即便為選手感動，苦悶生活被振奮，還是無法確定辦奧運是不是對的。東京居民YOUSHIE認為，「主辦方面一直都擔心，不知道這個主辦方式對不對，但是比賽方面來看的話還是蠻感動。」東京奧運志工SAORI說，「因為日本確診人數在增加，我想直到閉幕，奧運仍有爭議。」對部分民眾來說，國民健康和支持選手是兩件事，無法混為一談，但看到確診數攀升，也有人質疑是否真和奧運沒關聯，奧運到了尾聲仍無法論定，辦了這奧運是好還是不好。 
東奧賽事奪2金4銀6銅 我歷屆最佳成績,2021-08-08,"東京奧運賽事，中華隊已經結束所有賽程，總計拿下2金4銀6銅，寫下歷史最佳成績，一起來回顧中華隊在本屆東奧的精采時刻。
",中華隊柔道國手楊勇緯，征戰東京奧運柔道項目拿下男子60公斤級銀牌，成為東京奧運中華隊拿下的第一面獎牌，賽後的真情流露，更讓外界對他印象深刻。東奧柔道銀牌國手楊勇緯賽後說，「想拿金牌（記者：拿到銀牌也很好啊），沒有，我的目標是金牌。」從楊勇緯奪銀之後，中華隊在本屆東奧勢如破竹，至於中華隊在東奧的第一個最高潮，當然就是7月27日，郭婞淳在舉重女子59公斤量級出賽，毫無懸念摘金，拿下本屆東奧中華隊的第一面金牌。東奧舉重金牌國手郭婞淳說，「我覺得當我看到金牌，拿的時候是非常激動，就是等很久了，然後終於這一次可以拿到。」中華隊金牌開張，整個代表團士氣水漲船高，羽球雙打項目麟洋配，又再度讓全台灣陷入瘋狂，金牌戰直落兩局打敗中國雙塔，不但成功拿下中華隊在羽球項目的第一面獎牌，也讓兩人生涯第一次參加奧運就奪金。 王齊麟分享，「我自己是很希望，可以跟他站上頒獎台，沒想到我們可以從谷底反彈，一路一步一步一起互相扶持走過來，所以可以今天站上最高頒獎台，真的很感動。」中華隊八月第一天又一口氣進帳三面獎牌，潘政琮更是頂住壓力，在高爾夫球銅牌七人延長賽中，拿下堪稱比金牌還難拿的銅牌，他也特別感謝老婆擔任桿弟，陪他一路走到頒獎台。東奧高球銅牌國手潘政琮強調，「這個銅牌真的屬於我們兩個，然後可以成為我們的未來二、三十年，回來的時候可以講得很開心的一個回憶。」來到奧運比賽的尾聲，拳擊和空手道兩位女將同樣創造歷史，黃筱雯和文姿云雙雙奪銅，賽後都感動落淚，而且這次的東奧對於文姿云來說，更是是雙喜臨門。東奧空手道銅牌國手文姿云透露，「其實在出發前，他(徐瑋駿)就是有跟我求婚了，然後，對，但是我們都一直沒有講，因為我想說先完成這場比賽再說。」中華隊在本屆東奧，一共拿下兩金四銀六銅，是史上最佳成績，許多項目也創下台灣的第一次，三年之後的巴黎奧運，國人也期待中華隊依舊能回來滿滿的感動與驕傲。 
東京奧運》桌球、拳擊代表隊回台 林昀儒：有你們支持我會更努力,2021-08-06,東奧我國桌球選手，林昀儒和鄭怡靜拿下混雙銅牌，是台灣睽違21年，再次在奧運桌球奪牌的新紀錄。今天傍晚，桌球代表隊，以及拳擊代表隊林郁婷等選手一同返台。林昀儒受訪時，先感謝各界支持，也說未來會持續努力，要表現更好給大家看。,征戰東奧賽場，為台灣獲得獎牌的桌球代表隊，回到台灣了！選手們被熱烈歡迎，現場鼓掌、歡呼聲不斷。拿下混雙銅牌的「小林同學」林昀儒和鄭怡靜，也把獎牌掛上，和大家分享榮譽。東京奧運桌球混雙銅牌林昀儒說：「有你們的支持的話，我也會更努力，就是在以後希望表現更好給你們看。」東京奧運桌球混雙銅牌鄭怡靜則說：「很開心可以拿下桌球這面獎牌非常不容易，一路上真的要感謝很多人，我接下來還是會繼續努力，為接下來的亞運跟奧運做好準備。」摸頭、搭肩，倆人球場上默契絕佳，不過在媒體面前互動有些靦腆。19歲的林昀儒，首度參加奧運，7月29日對上中國球王樊振東，最終3比4落敗，但超強實力也被各界讚賞，走到哪都有人喊加油、人氣很高，對於男子團體賽和前輩搭檔，也說有很多收穫。東京奧運桌球混雙銅牌林昀儒說：「不管什麼事情，就是過去了就過去，就是重新再出發、再努力，我是非常享受跟大家一起作戰的時間，就不管跟智淵哥，還是安哥，就是也從他們身上學習到很多，就希望以後還可以一起加油。」奧運「五朝元老」莊智淵，全程低調不發言。雖然他在男單16強止步，但努力奮戰精神，依舊令許多民眾動容。同樣和桌球代表隊，在6日傍晚回台的，還有拳擊選手林郁婷等代表隊成員。東京奧運拳擊國手林郁婷說：「不是做不夠好，就是可能對手當下的表現狀況，就是比我好，那輸掉比賽，那就是回去再訓練。中華奧會主席林鴻道表示，他對這次東京奧運，台灣選手的表現都一樣感到驕傲。隨著東奧賽事接近尾聲，選手們也陸續返台。台灣選手們，目前累計2金4銀6銅，創新紀錄。選手們紛紛表示，會再接再厲，繼續為選手生涯努力，也期許能在體壇寫下更多新歷史。
東京奧運》東奧採訪限制多 媒體曾抗議違背新聞自由,2021-08-06,東奧為了防疫，限制媒體採訪，包括採訪只能九十秒，全天候開啟GPS掌握行蹤，美國多家媒體賽前曾抗議，恐有違反新聞自由之虞。在媒體採訪過程中，曾出現被認定超出時間遭喊卡，或工作人員把選手，直接帶走等情況。,中華隊東京奧運首面獎牌，由柔道好手楊勇緯奪下，賽後，他淚流滿面、發自肺腑的這段話，讓不少人的心，跟著揪在一起。東奧男子柔道銀牌得主楊勇緯受訪淚流滿面地說：「我的目標是金牌。」其實這段訪問，差點被沒收，記者被要求在混合採訪區，等選手完賽後前來受訪，正當楊勇緯走近，工作人員卻引導要他離開、不受訪，所幸選手自己停下腳步。而拳擊銅牌得主黃筱雯，在輸給土耳其之後，真情流露、淚流不止，只是採訪還在進行中，場館人員大喊時間已到，要選手離開，嚴格要求遵守訪問不多過九十秒的規定。東京疫情嚴峻，此屆奧運無觀眾，對媒體更設下諸多限制，包括只能在混採區訪問，限時九十秒，必須全天候打開GPS方便行蹤管理，對此美國多家媒體，賽前聯名致函東京奧組委，憂心諸多限制恐與跟新聞自由的精神、反其道而行，來自英國的製作人可暢行場館之間，正面評價東奧。英國製作人羅伯希特說：「這是個很奇怪的奧運會，沒有粉絲(觀眾)，我們一天就可以涵蓋兩到三場館，不是只定在一點而已。」採訪四屆奧運的西班牙廣播記者說，九十秒規定有彈性，自己在採訪上沒遇太多困難，但疫情導致進場館的採訪許可限縮，讓她不少同業抱怨連連。西班牙廣播記者羅德蕾古耶茲說：「他們對規定很生氣，因為他們沒有足夠的許可進入場館，導致他們無法工作，他們非常非常不高興。」並非每位選手都能奪牌，出席賽後記者會，外國媒體多半會在指定區域，等待採訪自家選手，九十秒並非每次都不夠用，不過比較起來，參加六屆奧運的日本選手寺內健，雖然比賽墊底，但日媒採訪他時，未見時間限制。不管直接打斷採訪，或帶走選手，外國記者面對這樣的處境，要捍衛採訪權並不容易，因為事前已被警告，若嚴重違規會遭拔證，媒體多半戒慎小心，深怕最壞的結果發生。
東京疫情日趨嚴重 菅義偉擬將「防止蔓延措施」擴大,2021-08-06,東京奧運進入尾聲，5日通報單日新增確診1萬5263例，其中東京都為5042例，再創新高，日本首相菅義偉表示不會考慮全國封鎖，倒是將目前實施的「防止蔓延措施」擴大範圍。另外，當天有數十人在新國立競技場抗議疫情之下還續辦奧運，與警推擠衝突。,東京奧運8月8日閉幕，但在進入尾聲之際，新冠病毒疫情越趨嚴重，4日跟5日連續兩天新增確診創新高，5日更是首度超過5千人確診；看到相關新聞的東京居民感到憂心。東京居民健司說：「每天看到不少救護車來來去去，還見到每輛救護車得一直消毒，著實花費一番功夫。」防疫專家認為奧運期間民眾防疫鬆懈，預估接下來東京的每日新增確診恐怕達到一萬例，也憂心衝擊醫療體系，建議緊急事態宣言擴大日本全境；日本首相菅義偉並不打算這麼做，倒是將目前實施的「防止蔓延等重點措施」，從原本的5個道府縣，再擴大到8個。日本首相菅義偉說：「我們已經針對部分地區宣布緊急事態，以避免疫情擴散，我們目前不考慮擴大到全境。」5日在閉幕典禮的舉辦地點東京新國立競技場外，有數十人聚集抗議，並與警方推擠衝突。抗議者加藤說：「奧運相關的一切都是謊言，此外我們還要面對疫情，我無法相信跟接受我們正在舉辦奧運的事實。」與奧運相關的確診數也增加，5日通報新增31例，目前累計353例，包括希臘水上芭蕾選手，目前全隊12人已有6人確診。事實上，奧運還沒開幕，疫情已經不樂觀，7月中旬以來，東京一直處於緊急事態，並陸續增加4個地區，延長到8月31號。  
東京奧運》0秒出手漂亮勾踢 文姿云拿下首面奧運空手道獎牌,2021-08-05,烏克蘭對手在倒數一分鐘時，拿下「一本」奪得3分，以1比4落後的文姿云發動猛攻，最後1秒出手，漂亮勾踢打成4比4平手，但評審「裁定」四票都投給烏克蘭選手，「小清新」文姿云止步四強拿到銅牌，卻也為台灣踢下首面奧運空手道獎牌。,東京奧運空手道項目規則與拳擊相同，不打銅牌戰，原因在於四強賽後，若落敗一方再進行銅牌戰，時間太近，選手無法得到足夠的時間恢復，將造成受傷風險大增。四強賽後，名次為一二三三，也就是金牌、銀牌、落入敗部的兩位選手將直接獲得銅牌。文姿云在小組循環賽以二勝一敗出線，打進準決賽，那一刻她已經確定拿下獎牌。文姿云多年征戰國際各大賽事，曾創下亞運金牌2連霸紀錄，生涯也拿下3面亞錦賽金牌、2面世錦賽銅牌，還曾登頂空手道世界第一，奧運獎牌她勢在必得。空手道從2005年爭取至2016年，終於在2020年東京奧運成為正式比賽項目。文姿云以前總覺得奧運好遙遠，這次拿到奧運門票，也可能是一生一次的機會，金牌是唯一目標，不過她也強調，會平常心面對，不會給自己太大壓力。平心而論，幼年時期的文姿云空手道成績並不亮眼，5歲接觸空手道、國小五年級拿到黑帶，直到國三那年，她拿到全中運冠軍，才逐漸嶄露頭角。當然高手不是一天練成的，文姿云也是靠著不斷練習，才成就今天的自己。「當你覺得目標很遠的時後，你就每天設一個小小的目標，然後一步一步達到目標，最終目標也會朝著你前進。」有一句心靈雞湯的老話：「那些殺不死你的，終將使你更強大。」放在文姿云身上，再適合不過。2013年杜拜亞錦賽金牌戰，文姿云使出得意技「蠍子踢」，卻被日本選手小林實希一手扯下，文姿云關節受傷，只能坐著輪椅回台灣。「我不知道我還可不可以練下去」文姿云面臨繼續或放棄的兩難，最後憑藉好勝心，只花一年熬過復健與訓練，在2014年仁川亞運，從四強賽上演甜蜜復仇記擊退小林實希，在決賽更打敗哈薩克選手一舉拿下金牌。 空手道對文姿云而言，已經如同空氣一般，生活當中沒有空手道，她就宛如窒息一般，十分難受。對自己要求頗高的文姿云也不諱言：「我自己好勝心滿強的，當我想要贏的時候，我就沒辦法接受輸。」2024年巴黎奧運，空手道已確定不會列入正式項目，所以本屆東京奧運，極有可能是文姿云生涯中唯一一次，也是最後一次挑戰奧運獎牌。「小清新」文姿云一舉拿下銅牌，也為台灣奧運史再添一筆。 
日本疫情持續升溫 東奧選手行為脫序外界憂成破口,2021-08-04,東奧期間，日本疫情持續升溫，一週內已經多次寫下單日確診人數破萬人的紀錄，而東奧選手也不斷傳出確診、集體喝酒聚會玩樂的情形，讓外界憂心，疫情會持續蔓延，當局決定16日開始，將AZ疫苗投入公費施打疫苗行列，在6個進入緊急狀態地區，優先施打。,日本舉辦東京奧運期間，不斷傳出有奧運選手跟工作人員確診，4日當天，爆出第一批集體感染的選手，是希臘水上芭蕾隊的5名成員確診；現在又爆出，上個月30日晚間到31日凌晨，不少選手在比賽完後，聚集在選手村內的公園內，集體喝酒、跳舞喧鬧，明顯違反防疫規定。經過日本奧運組委會調查，已經確定相關選手身分，並且向選手隸屬的國家奧委會反應，已經獲得國家奧委會口頭與書面道歉，並承諾會對違規選手進行懲處。東奧組委會發言人高谷正哲表示，這個國家奧委會決定讓代表團，就是把已經完賽的選手，把他們立刻送回國內。除了選手，日本全國疫情持續升溫，一週內已經多次寫下單日確診人數破萬人紀錄，東京過去7天的平均確診率，更是高達20.1%，其中20到39歲族群，就超過一半。為了確保患者的住院床位，除了重症患者、跟可能轉為重症的高風險患者能住院外，其餘患者必須居家療養。這也增加了同住家人的感染比例，讓東京居家療養人數，對比過去一個月，增為13倍之多。東京北區保健所所長前田秀雄說：「無法完全應對居家患者急速惡化、突然轉為重症的狀況，因為家屬不可能24小時監視、觀察，因此要盡早發現急速惡化，並迅速住院治療的話，是不可能的。」另外，基於疫苗數量不足，日本政府目前已經決定，將從16日開始，將國內代理生產的AZ疫苗，正式投入公費疫苗施打行列，預計頭一批將近200萬劑疫苗，將優先分配給6個實施緊急狀態的都府縣，並以40歲以上民眾，做為主要接種族群。
東京奧運》澳洲62歲馬術選手奪銀、銅獎牌 還想再戰12年,2021-08-04,澳洲62歲馬術選手霍伊，在東奧賽事分別勇奪銀牌和銅牌，是1968年以來，最年長的奧運獎牌得主。另外中國自行車選手，被發現身上別有毛澤東徽章，以及羽球選手在賽場上疑似爆粗口，雙雙引發爭議。,他是62歲馬術好手霍伊，來自澳洲，剛在東京奧運三項賽的團體賽和個人賽，分別奪得銀牌和銅牌，是1968年以來最年長的奧運獎牌得主。東奧澳洲馬術選手霍伊說：「上次我贏得兩面獎牌出席記者會，是在2000年奧運時，也就是21年前，所以來到這對我非常特別，能來這邊分享經驗。」這次是霍伊第8次參加奧運比賽，第一次參加的是1984年洛杉磯奧運，當年他才25歲。身為年紀最大的奧運獎牌得主，他期許自己能繼續征戰到2032年的布里斯本奧運。東奧澳洲馬術選手霍伊說：「回到2032年的問題，在巴黎奧運和布里斯本奧運之間，還有洛杉磯奧運，還有很多事情要做呢。」「奧林匹克憲章」明確規定，不得進行任何形式的政治、宗教或種族宣傳。不過BBC報導，中國自行車選手鍾天使、鮑珊菊在女子團體競速賽中奪金，領獎時卻被發現身上別有毛澤東造型徽章，引發爭議。國際奧委會4日要求中國奧委會提出正式解釋。國際奧委會發言人亞當斯表示，他們正在聯絡中國奧委會，他們保證很快會給出完整正式的答案，也保證之後不會再發生。中國選手引發爭議不止這件。羽球女雙選手陳清晨，日前在預賽和準決賽對上韓國選手時，疑似多次在場上飆罵髒話，陳清晨解釋是她發音不好造成誤會，但大韓羽毛球協會表示，已正式向世界羽球聯盟提出抗議。
奧運正轉變》 LGBTQIA+運動員與他們的堅強實力 ,2021-08-04,0,先前備受矚目的紐西蘭跨性別運動選手勞瑞爾·哈伯德（Laurel Hubbard），雖未在舉重項目得名，但她的參賽已讓民眾對跨性別人士有近一步的了解，也為今年2020東京奧運，增添了「五環之外更豐富多元的色彩。」據運動媒體《Outsport》報導統計，參加今年2020東京奧運LGBTQIA+族群選手達181人，是過往奧運的三倍以上。其中不乏英國跳水金童湯姆．戴利（Tom Daley）、勞瑞爾·哈伯德（Laurel Hubbard）、美國職業滑板選手亞歷克西斯·薩布隆（Alexis Sablone）、澳洲滑板好手波比·斯塔爾·奧臣（Poppy Starr Olsen）、美國女籃好手布蘭尼．格林納（Brittney Griner）、英國女子橄欖球選手西莉亞·昆薩（Celia Quansah）、英國女子曲棍球選手莉亞·威爾金森（Leah Wilkinson）、女子划船好手埃瑪·特威格（Emma Twigg）等運動健將。巴西長泳選手安娜·馬塞拉·庫尼亞（Ana Marcela Cunha）在今（4）日女子10公里馬拉松游泳項目中，1小時59分30秒8摘金。除有著一頭鮮豔的黃綠色短髮格外引人注目外，庫尼亞也是一名非異性戀的體育選手。昨（3）日獲得女子羽量級拳擊賽銀牌的菲律賓拳擊選手奈西·佩特西奧（Nesthy Alcayde Petecio），在獲頒銀牌時有些失意，但她仍激動地說雖然無法為教練拿下金牌，但這面銀牌實是象徵了自己的努力，而她也盼這場比賽可為像她一樣的LGBT族群發聲。不過在統計數字上可發現，相較於非異性戀女性運動員，非異性戀男性運動員在體育競賽舞台上，則明顯較少公開自己的性向。國際非政府組織《人權觀察（Human Rights Watch）》在奧運尚未開幕前即點出，2020東京奧運主打「多元共生」與「傳承未來」，應制定相關反歧視法律，讓LGBTQIA+人士及運動員人權獲得保障。同時如倡議團體Japan Alliance for LGBT Legislation（J-ALL）執行長五十嵐優里等人也提出連署，盼無論任何性別、性向、人種都能獲得平等待遇，消弭傷害個人的歧視性言語或行為。在今年參與2020東京奧運眾多國家隊中，以美國隊近30名公開自己屬LGBQIA+族群的運動員人數最多，巴西與加拿大則分別以18名，及17名LGBTQIA+選手列為第二及第三多。此外，本屆東京奧運同時擁有LGBTQIA+身份並成功得牌的運動選手，截至今日總計已獲得超過23面金銀銅獎牌。
東京奧運》陳奎儒未能跨進決賽 黃士峰、鄭兆村標槍成績無緣晉級,2021-08-04,台灣田徑國手陳奎儒，昨天跑出13秒53的成績，今天繼續出戰東京奧運田徑男子110公尺跨欄準決賽，起跑表現不錯，可惜中後段速度下降，最終跑出13秒57成績，分組排名第6、總排名第15，未能搶到決賽門票。至於標槍賽事的黃士峰及鄭兆村，今天也預賽也表現不如預期，最佳成績分別是黃士峰77公尺16和鄭兆村71公尺20，沒有達到決賽門檻，奧運遺憾止步。,「台灣欄神」陳奎儒，東京奧運田徑男子110公尺跨欄準決賽，排在第2組第2跑道，要來力拚晉級。槍響起跑，選手勢均力敵，陳奎儒每一跨拚勁全力，一度小幅領先，可惜，到了中後段，速度明顯下降，但他仍奮力衝向終點。最終，陳奎儒跑出13秒57，分組排名第6，總排第15，確定未能晉級決賽，不過，跨海加油打氣的陳爸爸則說，可以踏上奧運，已經非常優秀。東奧男子跨欄國手陳奎儒父親為陳奎儒打100分，「平安就好，已經很棒了，已經到達那個奧運的水準。」不管結果如何，陳奎儒的拚勁，台灣人有目共睹，更是近37年，再有國手跑進奧運準決賽。而我國選手黃士峰及鄭兆村也首度登上東京奧運田徑場，出戰奧運男子標槍預賽。全神貫注，奮力一擲，標槍國手黃士峰排率先登場，連續3擲，最佳成績77公尺16，沒有達到決賽門檻的83.50，分組排名第14，也無法擇優晉級。「黃金右臂」鄭兆村發揮也不如預期，最佳成績71公尺20，分組排第15，無緣晉級，在家鄉同步觀戰的鄭爸爸表示，享受比賽、再接再厲。東奧標槍國手鄭兆村爸爸說：「就是再加油，哪裡跌倒，哪裡爬起來，加油！」東奧標槍國手鄭兆村老婆也表示，知道自己的問題在哪邊就好了，辛苦了，三年後再來。這回，田徑標槍項目接連失利，有些遺憾，但鄭兆村說，仍會繼續努力，在未來的每一場比賽。
東京奧運》男子110公尺跨欄 陳奎儒晉級準決賽,2021-08-04,我國選手陳奎儒在東京奧運男子110公尺跨欄預賽登場，跑出本季最佳的13秒53，分組第五，擇優晉級準決賽。這也是1984年洛杉磯奧運後，台灣再度有選手在這個項目跑進準決賽。回想自己從小成績平平，去年11月受傷到今年5月回到國際賽場，再站上奧運舞台，向來內斂的陳奎儒，激動落淚。,東京奧運男子110公尺跨欄預賽第四組登場，台灣欄神陳奎儒做出虔誠信仰的一貫道手勢，祈求神明保佑進到下一輪。放手一搏，不想留遺憾，陳奎儒13秒53分組第五，也是本季最佳成績，由於預賽分組共五組，各組取前四，再擇優四人進準決賽，一跑完，陳奎儒緊盯其他組成績。東奧田徑男子跨欄國手陳奎儒說：「雖然13秒53是季最佳，可是對自己來說是不滿意的，因為其實整段過程，雖然前面是好的，可是跑到後面，其實自己的步驟是亂掉的，可能是太久沒有那麼高強度的競爭，自己有點心急了這樣子。就是（若按）2019世錦賽的成績看起來，晉級到下一輪機會蠻大的，所以自己就是可能回去趕快想一下，這趟的錯誤然後趕快去準備到下一趟的怎麼去跑這樣子。」確定跑進4日的準決賽，陳奎儒一如過往的內斂，沒顯露出情緒，問他第一時間有沒有想通知誰，說是大家都看得到，不想去講。唯獨講到去年11月全大運左小腿拉傷，今年五月才又回到國際賽場，來到奧運，預告自己要哭了。東奧田徑男子跨欄國手陳奎儒表示，「自己壓力很大這樣子，從以前到現在其實，從我就是高中什麼成績都沒有到現在，這10年，接近10年，竟然能夠站在奧運的舞台，其實自己應該說是想再替支持我的人爭一口氣。」兩度哽咽後，收拾好情緒，陳奎儒說，從小到高中的成績平平，能有今天，要謝的人太多，講也講不完。而他知道，從小到大自己不是最好，才會每次都想做到最好，希望這次站上決賽舞台，創造歷史。
東京奧運》陳少曼刷新台灣馬術紀錄 首位成功完賽,2021-08-04,東奧賽事昨天晚間進行馬術障礙賽，國巨集團二千金陳少曼首次奧運初登板，整場比賽她發揮得相當好，只可惜最後碰倒2個障礙，總和被扣9分，並列第47名，沒能夠晉級決賽。但她已經刷新台灣馬術紀錄，成為完賽的第一人。賽後她也表示雖然遺憾但很開心，能夠一圓夢想。,我國馬術好手陳少曼奧運初登板，和她的愛駒「班尼特斯」穩穩跳過每個障礙，可惜還是出現失誤，被扣8分。陳少曼調整呼吸和馬匹合作無間，在之後的障礙都完美通過，不過規定要在89秒內完成，陳少曼超過2秒，最後總共被扣9分，在73位選手中，並列第47名，未能擠進前30名進入決賽，相當可惜。但她已經寫下紀錄，成為台灣在奧運馬術項目完賽的第一人。東奧馬術國手陳少曼表示，「自己已經達到我的夢想，就輕鬆的騎，然後在裡面，我的馬表現的特別好，我綠色的那一道，我自己處理的不好，然後連續掉了兩桿，因為第一道我進去太近了，然後第二道太遠，所以兩個都是我自己的錯，有點可惜。因為我的馬很容易就可以All Pass，就是不掉桿子。」為了這次奧運，陳少曼拚了三屆資格賽，賽後她表示，雖然未晉級難免惋惜，但已達成參加奧運的夢想，仍是開心的回憶。東奧馬術國手陳少曼說：「很開心但是，還沒有真的，我才剛下馬，所以感覺還沒有真的，還沒感受到吧，但非常開心。北京那屆就開始拚，然後三屆都沒有成功，然後這一次終於達到夢想了，夢想實現。」和合作4年的愛駒「班尼特斯」努力超越障礙，陳少曼不氣餒，她也向大家預告，東奧只是逗點，不是句點。東奧馬術國手陳少曼表示，「本來是想說拚一屆，但現在感覺不錯，所以可能巴黎可以試試看。」
東京奧運》中華隊本日賽事預告｜8月4日,2021-08-03,「黃金右臂」鄭兆村和擲破東京奧運門檻的黃士峰將雙雙出戰田徑男子標槍資格賽，鄭兆村能否再現超越90公尺的「驚天一擲」，將是比賽關鍵；拳擊女將黃筱雯確定至少女子蠅量級銅牌到手，但她的目標不僅於此，如果四強賽獲勝，她將和日本或保加利亞選手爭奪金牌。,"我國女子高爾夫好手徐薇淩以世界排名第78名取得東京奧運參賽資格，她在2021年美國女子職業高爾夫協會（Ladies Professional Golf Association, LPGA）拚戰七年，曾有多次獲得前十名的佳績，她的近況也不錯，在今年5月純絲錦標賽奪下LPGA生涯首冠。李旻也是在LPGA拚戰七年的好手，曾在今年6月LPGA美迪惠爾錦標賽拿下亞軍。中華隊東京奧運男子高爾夫球銅牌得主潘政琮還曾在8月2日與徐薇淩、李旻分享奪牌喜氣及參賽心得，期盼兩人也能在四天賽程中拿下榮耀。6月21日，標槍好手黃士峰奮力一擲，以85.03公尺突破東京奧運門檻，成為我國田徑場上繼鄭兆村之後，直接達標東奧參賽門檻的選手。雖然未超越90公尺「驚天一擲」的神話，但黃士峰在測驗賽的成績，足以讓他在今年男子標槍選手成績排第11名，有望晉級決賽。鄭兆村身為亞洲第一位標槍擲出超過90公尺的運動員，讓他名列世界標槍史上第13名，更獲得「黃金右臂」的美名，這次首度出戰奧運的鄭兆村，面對各國強敵環伺，是否能突破自我，將是奪牌關鍵。陳奎儒在田徑男子110公尺跨欄小組賽以13秒53賽季最佳成績，排名小組第五，雖然未能擠進前四，但最終仍以成績擇優第二名晉級準決賽。今天跟他分在同一個小組的，包含美國選手Devon Allen、牙買加選手Damion Thomas和日本選手金井大旺，這三人生涯最佳成績都落在13秒20以內，陳奎儒若想爭取出線，將是一場硬仗。謝昀庭生涯最佳成績為抓舉175公斤、挺舉220公斤、總合395公斤，以亞洲區積分排名第四，取得2020東京奧運參賽資格，這是他首度挺進奧運賽事。謝昀庭為了增加勝算，與教練討論之後，決定增加體重，彌補與歐美選手的差距。身為中華拳擊代表隊奪牌的最後希望，黃筱雯在晉級蠅量級四強賽時，就已經幫中華隊拿下一面獎牌（拳擊賽事只有金牌戰、四強賽落敗皆可拿銅牌），但黃筱雯目標不僅於此，她在今天將出戰土耳其選手，如果順利晉級，將與日本或保加利亞選手在8月7日爭奪金牌。 "
東京奧運》男子跳水3M跳板決賽中國「金包銀」 日本老將堅持到底贏得滿堂彩,2021-08-03,"東京奧運今天下午舉行男子跳水三米跳板決賽，由中國兩位選手包辦金銀牌，銅牌則由英國選手拿下，不過這場比賽墊底的選手，日本選手寺內健卻獲得全場掌聲，他參加六屆奧運，再過幾天就要滿四十一歲，雖然比賽中間還一度失常，但他拚戰到最後一刻，以完美入水畫下句點。
",這屆東京奧運跳水項目，仍是中國的獎牌庫，下午進行男子三米跳板決賽，前兩名還是由中國選手包辦，摘金的謝思埸，第一跳就技壓全場。而最後一跳難度更來到3.8，他落水時幾乎沒有水花，拿下全場最高分數，確定自己奪金，他與隊友，也是拿下銀牌的王宗源相擁而泣。不過這次比賽，還有一位選手更受到注目，就是地主國的寺內健，再過幾天就是他四十一歲生日，而此屆東京奧運，是他參加的第六屆奧運，不過他的第三跳卻失常了，滿分十分只拿到三分。不過他還是堅持到底，最後一跳選擇107B、難度3.1的動作，這次，裁判通通給了八分。當他完成最後一跳時，全場觀眾全都起立為他鼓掌，表達對他的最高敬意。賽後我們前往採訪他，他告訴台灣觀眾，一路走來雖然艱辛，但他抱持的信念，就是要不斷迎向挑戰，努力就有成果。東奧日本跳水選手寺內健分享，「一路參加下來也會有很多艱辛的事情，但是能夠有迎向挑戰的事情，是一件非常棒的事情，無論何時都能夠迎向挑戰，並且努力之後就會有相對應的成果，我就是抱持的這樣的信念努力到今天，如果能夠傳達出去的話就好了，謝謝。」賽後寺內健被日本媒體包圍，去年感染新冠肺炎的他，康復後順利完成六屆奧運的參賽，雖然最後一場，只獲得墊底的名次，但他不受年齡限制，接受挑戰，堅持到底的精神，已經超越了獎牌本身。 
巴西選手奪東奧衝浪冠軍 故鄉掀衝浪熱潮,2021-08-03,"隨著東京奧運賽事，一股運動熱潮也在全球各地掀起。巴西因為選手費瑞拉拿到男子衝浪冠軍，在選手故鄉的福爾摩沙灣，掀起了衝浪熱潮。
",陽光、沙灘、衝浪板，巴西「福爾摩沙灣」的海灘邊，到處都是衝浪人潮。隨著東京奧運比賽持續進行，頒發出不少獎項後，獲獎選手的國家各自掀起了一股運動風潮。像是巴西因為選手費瑞拉拿到男子衝浪冠軍，他的故鄉福爾摩沙灣，就吸引了不少喜愛衝浪的遊客前來，還帶動了當地的觀光業發展。巴西飯店餐廳業者辛提雅桑托斯說：「我們飯店住房需求比以前多50%，餐廳也總是座無虛席，我們還得列出等候名單，預計這樣的熱潮會在這裡持續很長一段時間。」除了巴西，美國紐約的中央公園也有舞蹈協會舉辦溜冰舞蹈活動，鼓勵民眾參加運動，釋放來自於疫情的生活壓力。中央公園舞蹈協會義工康妮認為，「任何形式的運動鍛煉都可以幫助您應對壓力，但溜冰的額外好處是不只鍛煉到身體，你也絕對喜歡這樣做，因為它不僅具有創造性，每個人也都有自己獨特的風格。」由於東奧的東京會場競賽不准觀眾進入觀賽，就有IT跟汽車業者提供奧運吉祥物機器人，跟VR虛擬實境技術，讓東京的特教學校學生能享受觀看選手實境比賽的感覺，讓老師跟學生們顯得相當開心。至於在比賽期間，東奧選手村的餐廳提供了將近700種各種營養美食，過去還曾向民眾徵選5道代表日本的美食，都讓東京居民相當好奇美食的味道。預計在不久的將來，東京的當地餐館將會提供相同的菜餚，讓居民可以品嚐到奧運美食。
奧運獎牌小故事》 奧運金牌成分只有6%金  回收廢棄電子零件成東奧獎牌原料,2021-08-03,0,按照國際奧委會（IOC）規定，奧運獎牌表面設計需囊括帕那辛奈克體育場（Παναθηναϊκό στάδιο）、位於體育場前的雅典神話勝利女神「尼姬（Nike）」、本屆奧運會官方名稱以及奧運五環標誌等元素。奧運獎牌中除銀牌為925等級以上的純銀外，其餘金、銅獎項並非純金或純銅製成。其中自1912斯德哥爾摩奧運會後，金牌便改為純銀表面鍍上約6克左右的金，銅牌部分則是95%的銅鍍上5%的鋅。以市價估算，金牌融化後可值約新台幣2萬2600元；銀牌值約新台幣1萬2700元，而銅牌價值則最低，融化後販售最多只值約新台幣140元。據《環環相扣（Around the Rings）》指出，美國傳奇非裔運動員傑西．歐文斯（Jesse Owens）於1936年柏林奧運一舉奪得的四面金牌，在他1980年因肺癌逝世後，其中一面金牌在2013年，以高達約新台幣4千8百萬的價格售出。不過，雖然奧運獎牌可以在拍賣會場上售出好價錢，但對於在奧運競技場上角逐的各國選手來說，親身經歷與享受比賽的過程實是無價，獎牌價值多少並不是重點。據東京奧運官方資料顯示，這次2020東奧約5千枚獎牌的製作原料，全是2017年4月1日至2019年3月31日，從日本各地的回收電子設備中重新提煉而成。2020東京奧運獎牌的「都市礦山」計畫，共成功收集到約32公斤的金、3千5百公斤的銀以及約2千2百公斤的銅材，盼透過廢金屬回收再利用，達到有利生態永續發展的目標。
東京奧運》 空手道項目壓軸登場 世界第2文姿云誓言奪金,2021-08-03,東奧進入最後一週賽事，馬術、田徑、高球等各項賽事相繼在這幾天展開，要在5日壓軸登場的空手道項目，外號小清新的國手文姿云，世界排名第二的她備受外界期待，田徑標槍選手「黃金右臂」鄭兆村、拳擊國手黃筱雯，在接下來的賽事也都是奪牌熱門。,積極備戰，將在8月5日壓軸登場的空手道項目，外號小清新的空手道國手文姿云，世界排名第二，堅強實力將出戰東奧空手道女子55公斤級賽事，誓言奪金，「我是空手道國手文姿云，我要得到東京奧運史上第一面空手道女子金牌」。由於文姿云的賽程排在閉幕前三天，因此直到7月31日才出發前往日本，目前已在東京積極備戰。文姿云多年征戰國際各大賽事，創下亞運金牌2連霸紀錄，生涯也拿下3面亞錦賽金牌、2面世錦賽銅牌，還登上過世界第一，這面奧運金牌勢在必得。中華隊未來奪牌熱門的還有鄭兆村。「黃金右臂」鄭兆村，2017年世大運創下男子標槍亞洲紀錄，剛晉升奶爸的他也來勢洶洶，老婆、小孩到機場送機，帶著家人和國人的祝福，將在8月4日奧運田徑標槍項目，再度劃破天際；接下來要力拚金牌戰的，還有拳擊國手黃筱雯。接觸拳擊，走出家庭陰影的黃筱雯，在拳擊女子51公斤賽事晉升四強，黃筱雯保證至少銅牌，更有機會摘金，已經確定將為台灣奧運拳擊拿下史上首面獎牌。東奧賽事進入到最後階段，馬術、田徑、高球等各項賽事也將相繼在這幾天展開。 
東京奧運》桌球女團不敵日本 八強止步選手飆淚,2021-08-03,"東京奧運桌球女子團體賽事，中華隊由鄭怡靜、陳思羽、鄭先知，三人攜手征戰。昨晚八強賽對決強敵日本，結果遭對手直落三橫掃淘汰，無緣晉級四強賽，賽後選手也淚灑球場。
",中華女團桌球，八強賽遇上實力堅強的日本隊，第一點雙打，一開賽就陷入苦戰。鄭先知跟陳思羽不敵日本搭擋，第二點單打的鄭怡靜對上伊藤美誠，仍擋不住日本攻勢，最後第三點交棒給陳思羽，仍挽救不了戰局，最後0比3敗給日本。賽後一旁的加油團替這三位選手打氣，在場邊安慰喊話，但這場比賽的結果，還是讓她們流下眼淚。東奧桌球國手陳思羽說：「大家盡全力就好。」東奧桌球國手鄭先知表示，「其實第一次打奧運，過了第一場已經覺得很不容易，當然還有很多可以提高的空間，我會繼續努力。」陳思羽、鄭先知兩人淚灑球場，因為這場比賽，讓這三人心裡都有些遺憾。東奧桌球國手鄭怡靜認為，「整體來說，對方的實力、氣勢上，還是明顯比我們信心更足一點。我覺得我們在場上也是拚盡全力，做後可能還是有一些機會，但錯失一個機會之後，最後就不好追了。」中華桌球女團無緣晉級四強，賽後球員自責，球迷不捨，期盼未來有機會繼續向世界挑戰。
東京奧運》運送「馬選手」 貨運公司商務艙級服務,2021-08-02,"奧運馬術項目的參賽國家多達五十國。而負責運送三百多隻參賽馬匹的貨運公司，他們提供給馬選手們商務艙等級的服務跟餐點，以及專人的照顧。
",巨型貨機緩緩停妥，隨後從打開的艙門，送下了一個巨型方盒，只見機場工作人員，從方盒裡帶出來的，居然是一匹馬。奧運開幕後，除了運動選手參賽，還需要照顧的另一種「馬選手」，因為牠們可是「馬術」競賽中，重要的選手夥伴。德國馬術隊伍成員史黛芬妮說，「馬匹著陸後的狀況很好，現在牠們到達這裡了，讓人很開心。」今年的奧運馬術項目，有全球50個國家參與，如何讓馬選手，在運輸過程中，依舊舒適安穩，就成了重要工作。這批抵達東京的馬兒總共有36匹，先聚集在「比利時」機場的馬匹酒店後才起飛，中途在「「杜拜」加油、安排機組員換班，前後飛行了18個小時後，才抵達東京機場。負責運送馬選手的「北盾公司」，是擁有多年運馬經驗的貨運公司，從1960年開始，就開始運送競賽馬匹。這次跟阿聯酋航空合作，負責運輸奧運用馬。業者為了讓馬選手在運送過程中也能感覺舒適，讓馬選手待在公司特製的「運輸用馬廄」，每匹馬都有專屬的照顧人員跟獸醫隨行。而為了18小時的飛行，貨運公司還替這些馬選手準備了1萬2千公斤的食材，餐餐為馬匹特製飛機餐，讓馬在整個旅程中，可以吃乾草當零食，並且把機艙定溫在攝氏16度，堪稱提供了商務艙的頂級服務。等抵達東京後，日本賽馬協會就以11輛特製卡車，陸續將馬匹，送往奧運競賽的專用馬廄。比較特殊的是，由於歐洲在今年爆發了「馬皰疹病毒」，讓從歐洲出發的馬匹，必須先經過60天的健康檢查跟7天的隔離後，確認沒問題，才能出發飛往東京。 今年的奧運馬術比賽，將舉行盛裝舞步、、越野，跟場地障礙賽的三項競賽，預計屆時50國好手，超過300匹馬選手，將爭取多達45枚獎牌。 
東京奧運》委內瑞拉三級跳女將 15.67公尺破世界紀錄,2021-08-02,"東京奧運8月1日田徑場上首度傳出破世界紀錄的好消息，委內瑞拉三級跳女將羅哈斯，以15公尺67摘金；男子跳高卡達、義大利不分軒輊，最後一起拿金牌；百米短跑，義大利奪下史上首金；體操男子地板，由以色列奧運首金進帳。
",女子三級跳決賽，委內瑞拉女將羅哈斯最後一次試跳，成功，當大會將正式紀錄亮出來，15公尺67，她高興得狂奔，不只是金牌到手，還將已經26年，由烏克蘭女將克拉維茲於1995年寫下的15公尺50世界紀錄刷新，這也是本屆奧運第一項打破世界紀錄的田徑賽事，稍早之前她第一次試跳，成績15公尺39就已經破了大會紀錄。男子跳高決賽出現兩位跳得一樣高的「鳥人」，卡達巴爾希姆跳出2公尺37的成績，義大利坦貝里也同樣跳過這個高度，而在挑戰大會紀錄的2公尺39時，兩人三次試跳，也演出相同戲碼都沒過關，他們可以加跳分高下，賽會人員此刻上前時，巴爾希姆問可不可以有兩面金牌，獲得答案是「可能的」，接著戲劇性時刻出現。賽會技術人員宣布，「(大會同意)兩位最後的決定，一起並列金牌。」女子鉛球決賽，第四度征戰奧運的中國女將鞏立姣奮力一推，32歲的她2008北京奧運銅牌、2012倫敦奧運銀牌，這個鉛球落地，標出20公尺58，是她個人最佳成績，終於金牌入袋，這是中國奧運田賽史上第一面金牌，她也是亞洲第一位獲得奧運女子鉛球金牌的選手。奧運百米短跑新一代飛毛腿產生，第三跑道的義大利賈可布斯抵達終點，成績9秒80，拿下金牌；他比第二名的美國選手佛萊德克利，快了0.04秒。賈可布斯2018年從跳遠轉換跑道，在決賽中兩名勁敵美國的柯曼因禁藥問題缺席，以及布魯梅爾沒能晉級，加上第四跑道的英國選手休斯起跑犯規失格，賈可布斯成為這項傳統競技的新霸主，也是義大利奧運百米首金。體操項目中的男子地板，以色列今年24歲的多戈皮亞特獲得14.933分，西班牙的沙帕塔也有出色發揮，拿下相同分數，執行分數也一樣，最後以難度評定高下，由多戈皮亞特勝出，金牌進帳，也是以色列奧運體操首金。高低槓比利時女將德威爾演出流暢，難度6.7、執行分數8.5，最後以15.2獲得金牌，這也是比利時在奧運體操項目首金。本屆東京奧運新設極限單車BMX項目，當過廚師卻熱愛極限的英國女將沃辛頓，首度嘗試高難度動作，完成360度後空翻，以97.5分封后；男子組花式賽，澳洲選手馬汀則以93.3分封王。
東京奧運》李洋、王齊麟東羽球男雙奪金 盼提升選手後勤待遇,2021-08-01,7月31日晚間，麟洋配拿下中華隊在奧運史上第一面羽球金牌，賽後兩個人還是不敢相信他們做到了，表示要感謝的人太多，這也是本屆東京奧運中華隊的第二面金牌。,全場屏息以待，中國雙塔最後的挑戰，結果鷹眼判定球落在界內，王齊麟和李洋聯手寫下台灣歷史新頁，成功奪下奧運羽球男雙項目的金牌。羽球中華隊國手李洋、王齊麟說，他們一看到輔助判決系統出來，就知道應該是in了，「因為感覺那個力量差不多、差不多，如果它沒有那麼遠的話，一定會in。」奪金當下，兩人也不敢置信，「我一看到他判下去的那個瞬間，我就哇！當下我真的很激動，我們兩個耶，太扯了！真的假的啦？不可能啦！我講不出話來，真的要感謝的人太多了，這塊金牌有很多在後面幫助我們的人。」碰上世界排名第六的中國組合李俊慧及劉雨辰，兩人身高都超過190公分，麟洋配首局出現發球過短等失誤，以9比11落後，但在進入技術暫停後，繼續比賽兩人越打越順，最後扛住壓力，第一個局末點逼出對手回球掛網，以21比18先拿下一局。帶著首局氣勢以速度壓制對手，麟洋配的絕佳默契連拿比分，分數也漸漸拉開差距，最終僅花34分鐘，以21比12直落二摘下金牌，中斷中國在奧運羽球男雙三連霸的可能。兩人說：「我自己是很希望可以跟他站上頒獎台，沒想到我們可以從谷底反彈，一路一步一步，一起互相扶持走過來，所以可以今天站上最高頒獎台真的很感動。」李洋的出生地金門縣，親友團也在大投影幕前看著兩人拿下勝利，每次得分現場都歡聲雷動，李洋將可獲得縣府獎金加補助金472萬5千元，金酒也將發行奧運金牌主題酒慶賀。中華隊拿到東京奧運的第二面金牌，也是台灣羽球史上的第一面獎牌，李洋也透過奪金之後的勝利訪問，呼籲政府除了重視運動員之外，也要重視教練、後勤，因為如果沒有完善的團隊幫忙，就不可能拿到這塊獎牌。
東京奧運》戴資穎闖進羽球女單金牌戰 開心之餘不忘虧賽評姐姐,2021-07-31,東京奧運羽球女單準決賽，台灣一姐戴資穎直落兩局勝出。賽後好心情全寫在臉上，不但跟採訪媒體開玩笑，也透過鏡頭虧一下擔任講評的戴姐姐。8月1日就看小戴在金牌戰和中國陳雨菲展開東奧最終對決。,小戴一出手便知有沒有，台灣羽球女單希望戴資穎，直落兩局擊敗印度老對手辛度，賽後開心和滿足全都寫在臉上。現在的她，不只闖進金牌戰的開心，更多的是享受奧運會的感動。東奧羽球國手戴資穎說：「我覺得自己今天在賽前，算是準備比較充足，那我覺得今天自己的發揮，就是沒有太多的失誤，所以我覺得比較沒有造成自己這麼大的壓迫，算發揮得還可以。」戴資穎來到準決賽，不論是信心、鬥志和打法策略，全部都準備妥當，也讓她打起來彷彿一切都在掌握之中。尤其第一局拿下來之後，第二局更是一股最氣在中段拉開比分差距，順利再過一關，8月1日要和中國名將陳雨霏，展開本屆奧運會的女單金牌對決。東奧羽球國手戴資穎說：「陳雨菲一直都是一個非常穩定、不太失誤，然後後場的進攻出手的變化，我覺得都滿多的。所以在打的時候，我自己一定就是要先減少失誤，才可以去跟她抗衡，因為我如果失誤的話，我自己會有就是分數會常常落後。」小戴在東京奧運四強戰的表現，絕對牽動全台民眾的心情，尤其是擔任講評的姐姐戴靖潔，一邊專業講評，一邊還要幫妹妹加油，小戴在拿下勝利之後，也隔海透過鏡頭虧一下親愛的戴姐姐。東奧羽球國手戴資穎說：「很憋齁，好啦，就是希望今天沒有讓妳太緊張，我很努力，我明天還是會加油。」東京奧運中華羽球隊男雙已經拿下一面金牌，女單又晉級羽球冠軍戰，也讓全台民眾握拳振奮，不過戰鬥還沒有結束，期待台灣一姐、世界球后能再多一個頭銜，奧運金牌。 
東京奧運》數十名選手搭機返台 郭婞淳談奪金之路一度哽咽,2021-07-31,參與東京奧運的選手們，在賽事結束之後陸續返回台灣。獲得舉重金牌的舉重女神郭婞淳，還有銅牌得主陳玟卉等10多位舉重、射擊和游泳選手、教練，都在今天傍晚凱旋回台，獲得熱烈歡迎。郭婞淳回想起這一路走來歷經了許多傷痛和挫折，說話一度哽咽，更感謝各界支持，讓選手們能放心追夢，未來也會持續努力。,掛著獎牌，開心揮手、合照。獲得奧運金牌的舉重選手郭婞淳，以及奧運銅牌陳玟卉等10多位舉重、射擊和游泳選手教練團，在完成賽事後，31號傍晚抵達台灣。東奧女子舉重59公斤級金牌得主郭婞淳說：「還是拿到了這個東京奧運的金牌，但是表現沒有到很理想，但是我還是會持續加油。」東奧女子舉重64公斤級銅牌得主陳玟卉則表示，謝謝大家一直以來的支持跟鼓勵，也謝謝疫情，因為疫情的關係，讓我多了一年的時間可以準備。分享奪牌、得獎喜悅，幾位選手期許未來繼續努力。郭婞淳回想過去的征戰路，走過許多傷痛、挫折，一度哽咽，因為這真的很不容易。東奧女子舉重59公斤級金牌得主郭婞淳說：「就是有經歷過受傷然後挫折，也有經歷過低潮、也有經歷過高峰，那其實這一路走來，真的非常非常不容易，真的很謝謝大家。」除了舉重隊三名選手，游泳隊和射擊隊成員也一起搭乘華航班機返台。在200公尺蝶式預賽，游破全台紀錄的「台灣蝶王」王冠閎，也希望未來能有更好成績。東奧游泳國手王冠閎說：「不知道可不可以配得上台灣蝶王這個稱號，但是我還是會盡量努力，去成為大家心中的台灣蝶王。」東奧射擊國手吳佳穎則謝謝大家的支持跟鼓勵，並相約2024年巴黎奧運再見。拚進女子25公尺手槍決賽，吳佳穎雖然沒有獲得獎牌，但第5名也是台灣該項目的最好紀錄，吳佳穎更立下目標，要在巴黎奧運見。選手凱旋歸來，經由專門檢疫、通關，在完成核酸檢測後，會搭乘專車執行後續的檢疫程序，要在激烈賽事過後、好好休息、迎接未來的新挑戰。 
東京奧運》林昀儒桌球男單第四追平莊智淵 揮拍千萬次換來天才名號,2021-07-30,7月29日與世界球王樊振東鏖戰7局，讓球王直呼打得很糾結的中華隊選手林昀儒，今天在桌球男單銅牌賽對戰德國好手奧恰洛夫，雙方也是一路纏鬥打滿7局，終場林昀儒3比4和銅牌擦身而過。但林昀儒已經追平「桌球教父」莊智淵，在2012倫敦奧運寫下的桌球男單4強紀錄。,昨天四強賽結束後，媒體追問林昀儒對樊振東的看法，林昀儒略顯不好意思地反問：「我有資格評價他嗎？」這句話，讓林昀儒獲得無數好評。讓樊振東一度苦戰的「小林同學」也登上國際版面。「很多人都說我是天才，但是他們不知道，我唯一休息的日子是上場比賽的那一天。」這是林昀儒在一支廣告上的自白。國小三年級才接觸桌球的林昀儒，雖說起步晚，但他卻能在國小五年級就連續拿下五項全國性比賽冠軍，更在15歲那年成為台灣史上年紀最小的國手，而在19歲這一年，他首次問鼎東京奧運，就追平「桌球教父」莊智淵在2012年倫敦奧運男單4強的成績。「桌球天才」一詞放在林昀儒身上，真的再適合不過。當年林昀儒剛開始接觸桌球，和教練借球拍使用，打沒多久卻和教練說：「這支球拍有一點點怪怪的。」林昀儒小學的啟蒙教練賴瑞雄一撕開膠皮，發現球拍真的有條小裂縫，當下賴瑞雄就知道，林昀儒擁有與眾不同的極佳手感。14歲林昀儒就踏上世界舞台，與各國好手爭戰。德國前世界球王奧恰洛夫、中國名將馬龍、甚至剛剛在本屆奧運精彩交手的世界第一樊振東，都曾是他的手下敗將。如今林昀儒世界排名第七，穩坐台灣球王寶座。2018年林昀儒開始職業生涯，在球桌上陸續遇上世界名將奧恰洛夫、張本智和等人，林昀儒笑著說：「第一次會有點害怕，第二次其實打完下來，就發現其實沒有那麼恐怖。」不過問起他是否自認是天才型球員，林昀儒的一貫反應都是靦腆地微笑搖頭。每一面金牌的背後，都是林昀儒每天揮拍上千次，換來的甜美果實。攤開林昀儒的訓練課表，一個星期有六天都在訓練；接近出賽前，更是全天無休。2020東京奧運延期一年，他還加上體能訓練，只盼提升在賽場上維持最佳狀態。因應大會賽程安排，林昀儒先在桌球混雙項目和搭檔鄭怡靜，完全壓制法國奪下銅牌。也因此讓「小林同學」這個可愛的綽號，也因為鄭怡靜臉書貼文一傳十、十傳百；靦腆、愛笑、沉默卻又可靠的「小林同學」，完全擄獲台灣人的心。不過林昀儒寡言的背後，其實有另一個「沉默殺手」的稱號。「欲望強烈不就是打比賽最基本的嗎？如果欲望不強烈，打比賽就沒有那個衝勁了。」桌球場上無論輸贏，林昀儒幾乎沒有表情，向球拍吹兩口氣，整裝再出發。如今林昀儒在東京奧運奧運拿下殿軍，這還只是他運動生涯的起點，轉入職業選手也僅僅三年，未來「小林同學」的桌壇之路，絕對精采可期。
 東京奧運》盧彥勳職業生涯畫下句點 將致力培訓網球人才,2021-07-30,奧運五朝元老、台灣網球好手盧彥勳，25日東奧男單首輪不敵德國，賽事止步，這是他最後一次以選手身分參加奧運，成為職業生涯最後一戰。下午他返抵台灣。盧彥勳說很遺憾沒有帶回獎牌，但回家的感覺真好。,才剛下了飛機，機組員成了球迷，高舉布條歡迎網球一哥盧彥勳回家，盧彥勳用微笑感謝。經過東京奧運的征戰，盧彥勳終於踏上台灣的土地，直說感覺真的很好這次和哥哥，也是教練的盧威儒出征東京奧運，在25日的網球男單首輪就對上世界排名第5，東奧第4種子的德國好手茲韋列夫，雖然戰得激烈卻還是落敗，首輪賽事就止步。盧彥勳也在臉書PO出兩人合照，相互致意和祝福，但坦言有點遺憾，「回到家真好，因為畢竟在奧運前已經都在國外兩個月，那當然，這次回國其實有點小小遺憾，就是沒有把勝利，帶個勝利回來。」盧彥勳說，這場比賽是他20年職業網球生涯的最終戰。因為不僅寫下連續5次參賽奧運的紀錄，還在2008年的北京奧運，2010年的溫布敦公開賽打進前八強，成績相當亮眼。這次賽後宣布退休，他和哥哥將致力於人才培訓。盧彥勳表示，「我覺得這是一個階段的努力過程，我們也希望說能夠把這樣的經驗跟想法，能夠還有機會傳承下去。」教練盧威儒則表示，「用(國人)幫忙我們的心情，我們在下個階段希望能夠回饋更多我們的經驗，希望能夠為我們台灣培育更多網球人才。」雖然宣告結束20年職業網球生涯，盧彥勳說，退休後將成立訓練基地，幫助台灣網球選手，不僅讓經驗傳承，也讓台灣網球的傳奇繼續延續。  
東京奧運》拳擊比賽殿堂 知名相撲賽場「兩國國技館」改裝而成,2021-07-30,0,這次東京奧運舉行拳擊比賽的場地「兩國國技館」，位在東京都墨田區，以主辦相撲比賽聞名；東奧共有四十二個比賽場館，多數位於東京，主要分成兩大區：包括「遺產區」跟「東京灣區」。除了國技館，柔道比賽的場地也是選在歷史悠久的日本武道館舉行，都在遺產區內，非常具有日本文化特色。拳擊選手站在擂台上，拚個你死我活，但抬頭一看，他們正被一張張掛在場館上方的相撲力士照片注視著，其實這處場館「兩國國技館」，原本就是以主辦相撲比賽聞名，相撲為日本千年國技，因此得名。位於一樓的座位區，鋪上紅地毯，必須要脫鞋才能進入，叫「Maku seki」（桝席），進入後可以吃東西、拍照。場館工作人員說：「桝席的由來就是它的形狀很像清酒杯，一處抍席可容納四個人。」擂台的位置，原本是相撲力士比賽的場地「土俵」，上方懸掛著日式屋頂，為了東奧拳擊比賽進行改裝，不過比賽場地外，還是可見大幅壁畫，訴說著相撲悠久的歷史。此次東奧共有四十二個比賽場館，多數位於東京，分為「遺產區」與「東京灣區」，跟國技館同樣位於遺產區的，還有柔道比賽的「日本武道館」，則是1964年為了舉辦東奧所建，深具日本文化特色，而空手道比賽也將在這裡登場。
高巿議員建議奧運獎金加碼 教練：應從改善基層選手福利做起,2021-07-29,"東京奧運國手正在奮力拚戰，高雄有議員總質詢時建議市府提高奧運績優獎金，加碼到金牌150萬、銀牌80萬、銅牌60萬，市長陳其邁當場答應，不過基層教練認為，還是應該從基層選手福利改善起，畢竟金牌養成不易。
",教練調整完姿勢，學生順利抓舉，這是高雄鼓山高中舉重隊的選手，每天奮力練習，希望代表台灣出國比賽，這次東京奧運，有議員在市政總質詢時點出高雄子弟有戴資穎、莊智淵、吳佳穎、高展宏、江念欣、黃士峰等人，建議市府將奧運績優獎金加碼到金牌150萬、銀牌80萬、銅牌60萬，市長陳其邁當場同意。高雄市長陳其邁表示，「能夠給予更多的照顧，這個都是我們應該做的。」不過有基層教練認為，頂尖選手養成動輒10年起跳，奧運奪牌才有翻倍獎金，對於同樣在國際賽事中奮戰卻無緣奪牌的選手似乎不太公平。東京奧運舉重代表隊教練吳銘通認為，「不論是學業方面還是他的就業方面，我們怎麼去做一個輔導才是一個重點。」高雄五福國中女子壘球教練吳佳蓉則指出，「希望說市府多關照基層下面的選手，因為我們現在出去比賽的差旅費，目前住宿才500元，吃才210元。」女子壘球國手呂雪梅說：「08年一開始到現在是隔了13年 ，因為東京，棒壘才有進，(建議)是說在其他的盃賽裡面獎金提高，那當然對每個運動項目來講，其實相對會比較好。」市府幫奧運奪牌選手加碼獎金，國手與教練大多認同，但還是建議從比賽津貼補助、就業轉職方面著手，才真能讓選手無後顧之憂。 
東京奧運》黃金右臂鄭兆村啟程東奧 田徑協會要大家拭目以待,2021-07-29,中華代表隊田徑選手黃金右臂鄭兆村、標槍好手黃士峰、和台灣欄神陳奎儒今天搭機前往東京出戰奧運。田徑協會表示，今年奪牌機會濃厚，希望大家拭目以待並幫忙集氣加油。,三位中華代表隊田徑選手鄭兆村、黃士峰、陳奎儒和教練薛聖融、王國慧，29日一早現身桃園機場，準備啟程前往東京奧運。田徑協會理事長葉政彥也來送機，並致贈加油金。中華民國田徑協會理事長葉政彥說：「最有希望的就是我們的標槍鄭兆村以及黃士峰，也是我們過去從楊傳廣跟紀政以後，幾乎差不多60年來，今年是最有機會得牌。」田徑協會理事長葉政彥特別提到，黃金右臂鄭兆村世界排名前5；另一名標槍好手黃士峰是上屆里約奧運國手，第二次參加奧運，亞洲成績僅次鄭兆村。另外，今年是台灣欄神陳奎儒首次參加奧運，他曾在2017年台北世大運110公尺跨欄項打破全國紀錄，奪下銀牌，也在隔年雅加達亞運奪下銀牌。田徑協會表示，今年奪牌機會濃厚，希望大家拭目以待並幫忙集氣加油。 
東京奧運》唐嘉鴻男子體操個人全能第7名 寫下台灣新紀錄,2021-07-29,昨天晚間進行男子體操個人全能決賽，中華隊有李智凱、唐嘉鴻出賽。唐嘉鴻一掃預賽陰霾，在6個項目裡，有4個項目超過14.000分，最拿手的單槓是14.766分，最終以總分84.798、排名第7，創下台灣體操歷史紀錄。,深呼一口氣，唐嘉鴻準備面對最擅長，卻在資格賽意外失誤的單槓。單臂繞環、直體貓跳、跳躍轉身，唐嘉鴻整套動作執行的非常順暢，也沒有接槓太低的問題，轉體後空翻下槓，完美落地，等待分數時，開心對鏡頭比愛心。東奧體操國手唐嘉鴻說：「單槓實施上算是有突破自己，因為畢竟預賽的時候沒有做好，其實在這幾天的調適，雖然說因為沒有進（單槓個人）決賽，就是今天全能，也算是我在2020東京奧運，最後一個舞台，我想說給自己多一點的打氣這樣。」單槓拿下14.766分，24位選手裡的第二高分，更超越自己在2018雅加達巨港亞運金牌的14.725分，此外，另外五個項目，吊環、跳馬和地板，也有超過14.000的表現，唐嘉鴻最終以84.798的總分，排名第7，創造台灣體操歷史。東奧體操國手唐嘉鴻說：「決賽之前，翁士航老師給我的目標是前十，這次有達到前十，算是達到目標。」達成和教練翁士航賽前設定的前十目標，唐嘉鴻自認滿意，而未來還是會想要挑戰全能，勢必得再補強雙槓和鞍馬，東奧之旅告終，最棒的學習是，登上這種大舞台，多少會有緊張感，享受舞台很有幫助。 
東奧無助帶動觀光人潮 東京確診人數連兩日創新高,2021-07-28,日本東奧不准外國觀眾入境觀賽外，在東京的競賽項目，也禁止觀眾入場，讓原本應該熱鬧的東京觀光區，顯得相當冷清。在東京疫情持續蔓延下，今天確診人數達到3177人，連續2天，刷新疫情以來的新高紀錄，還有包括選手、共16位奧運相關人士確診，儘管如此，日本首相菅義偉依舊沒想過要中斷奧運競賽。,東京知名觀光景點，淺草寺內外，人潮三三兩兩。受到疫情影響，日本東京奧運不准外籍觀眾入境，在東京的賽事，也不准觀眾入場觀看，讓期待觀光人潮的景點商家，生意冷冷清清。紀念品店業者尾前義久說：「收入根本不到過去一半，可能只能一成左右吧。幾乎沒有我們最初預期的熱鬧狀況，雖然情況一度改善，但馬上又進入緊急狀態，讓收入暴跌。」東京疫情持續蔓延，連續27、28日，確診人數都刷新疫情的新高紀錄。東奧每天的篩檢，也都有相關人士陸續確診。儘管如此，日本首相菅義偉依舊沒想過要中斷奧運競賽，只是再次強調，請民眾在家看比賽。日本首相菅義偉說：「因為有車流管制，實施居家辦公，還有在所有國民的努力下，而且人潮流動正在減少，所以沒考慮取消奧運。」慶應大學的經濟學教授白井早由里，認為在疫情下舉辦奧運，增加了一些額外的經濟活動，比取消奧運好多了。只是民眾質疑，是因為舉辦奧運，才導致東京疫情蔓延快速，但東京知事小池百合子認為，疫情蔓延關鍵在於外出族群，多為年輕人，期盼加速對年輕族群的疫苗接種。目前除了東京以外的首都圈城市千葉、神奈川跟埼玉，疑似因為通勤、人潮流動，確診個案也在增加，預計將儘快向中央，申請再度進入緊急狀態。 
東京奧運》莊智淵拚戰一個人的武林 桌球五朝元老16強止步,2021-07-27,40歲的中華隊桌球國手莊智淵7月27日在桌球男單迎戰埃及選手阿薩爾，雙方一路纏鬥、有來有往，打滿7局莊智淵才以3比4吞下敗仗，無緣八強戰。2020東京奧運可能是「五朝元老」莊智淵的終局之戰，他在前一天還不忘在臉書提醒兒子「長大要記得爸爸怕周球（打桌球）的樣子」​​。,莊智淵第五度拚戰奧運，7月26日在32強賽第三輪對上香港選手黃鎮廷，首局不慎落敗之後，莊智淵急起直追，連拚四局拿下16強門票；再往前一天，莊智淵25日對上阿根廷選手時，鏖戰滿七局才終於逆轉勝，狀況看似不太好，眼尖網友還發現，莊智淵沒有隨身教練和防護員，賽後一個人收拾包包，形單影隻地離場。莊智淵受訪坦言，對戰阿根廷選手時，還不太適應東京奧運賽場，無謂失誤較多，他只能靠著經驗纏鬥才拿下勝利。「不過下一輪這樣打，還是很危險，所以我要再想一下。」不過從他與黃振廷交手過程來看，莊智淵已經適應場地，台灣「桌球教父」的實力回來了。不過莊智淵在東京奧運一人身兼選手、教練多職，有媒體傳言，莊智淵是想把唯一一個教練位置留給媽媽。面對東京奧運聯合採訪團提問，莊智淵只說：「先謝謝大家（網友）的支持，有時候去打聯賽或其他比賽，場裡其實也沒有太多人，所以感覺還好，不會不習慣。」不過網友懷疑「是否有人刻意」冷處理莊智淵，也不是無中生有的擔憂。2019年莊智淵原定參加巴拉圭公開賽，卻被桌球國家隊以「怕莊智淵不去亞錦賽，後輩會有樣學樣」為由，希望他率隊改打亞錦賽。莊智淵當時罕見動怒，在臉書發文怒喊：「當我去巴拉圭是度假？」更指國內桌球教練生態險惡，「平時就在鬼混，選手打贏了才出來收割。」莊智淵千字文字字犀利，讓桌球協會只好改口：「一切予以尊重。」（該則貼文因臉書權限設定或刪文，目前已無法看到。）莊智淵出身桌球世家，父親曾是全國雙打冠軍、母親是國家代表隊成員、哥哥是大專國手。當莊智淵8歲接觸桌球時，母親就是他的啟蒙教練。為了讓莊智淵見識更寬廣的桌球世界，母親自費帶著莊智淵到中國打桌球，讓莊智淵從沒人看得起的「小咖」，一路打到讓中國明令禁止莊智淵練球，就怕培養出一位不利於中國隊的勁敵。1999年，莊智淵遠赴歐洲「以賽代訓」，因為語言隔閡，莊智淵獨來獨往，架好錄影機、比完賽一個人收拾東西轉身就走，那時他就被稱為「孤星」。2003年，莊智淵在巴西公開賽拿下冠軍，世界排名來到生涯新高的第三名，「自費」參賽生涯也才畫下句點。隻身赴賽，無論輸贏看著錄影重播思考戰術，偌大桌壇宛如莊智淵一個人的武林，他不斷跟昨天的自己對打。即使已達不惑之年，莊智淵的桌球經驗就像一壺老酒，越陳越香。「沒有媽媽，就沒有現在的我」，莊智淵過去為了練球，台灣、中國兩地跑，還曾因資源匱乏，不得不和母親在寒風中相依偎。為此，莊智淵2008年興建一棟四層樓的「莊智淵桌球館」，希望有場地培養更多桌球好手，國手孫嘉宏就是出自莊家班，「桌球一哥」也搖身一變成「桌球教父」。從2004雅典奧運桌球男子單打8強、2008北京奧運男單16強、2012倫敦奧運男單殿軍、2016里約奧運男單32強，過去二十年，屆屆入選，奧運或可為莊智淵的球員生涯留下重要印記。這回赴東京再拚男子單打，能走到16強實屬不易。但莊智淵的奧運之旅還沒結束，8月2日他將率領昔日戰友陳建安和年輕新秀林昀儒，在桌球男子團體項目對戰克羅埃西亞。 
【圖輯】東京奧運Day3》日小將堀米雄斗奪奧運首面滑板金牌 游泳跳水開賽吸引目光,2021-07-25,今（25）日誕生奧運首位男子滑板金牌得主，22歲的日本地主選手堀米雄斗，以37.18分將奧運史上首面滑板金牌，留在地主國。,東京奧運賽事進行到第三天，各運動項目金牌陸續出爐，其中滑板為本屆新增有獎牌賽事，也是最多年輕選手參賽的項目。今（25）日誕生奧運首位男子滑板金牌得主，22歲的日本地主選手堀米雄斗，以37.18分將奧運史上首面滑板金牌，留在地主國。另外，來自南韓的射箭選手安山，除了在今日的女子團體射箭決賽奪冠外，她也在23日的資格賽中，射出滿分720分中的680分，打破了自1996年以來，高懸25年的奧運紀錄。本屆奧運將滑板列為新競技項目，年僅22歲的日本滑板小將堀米雄斗，在街頭(Street)項目以37.18分奪下金牌，成為奧運史上第一位滑板金牌得主。堀米雄斗的父親是一名前街頭滑板運動員，堀米從6歲開始練滑板，高中畢業後便前往滑板起源地美國深造。根據《讀賣新聞》報導，堀米雄斗以美國作為據點，在滑板界全球規模最大的街頭滑板聯盟（Street LeagueSkateboarding）相當活躍，也曾在世界極限運動會（XGames）奪冠，很早就被看好是東京奧運奪金的熱門人選之一。《朝日新聞》也報導，堀米曾在東京奧運前表示，「能在自家出賽是一生只有一次的機會，我會用最好的表現，以奪得金牌作為目標」。25日射擊項目進入到10公尺空氣手槍項目，俄羅斯奧委會(ROC)選手維塔林娜（Vitalina Batsarashkina）在決賽時以240.3分改寫奧運紀錄，為本屆以俄羅斯奧委會資格參賽的俄國，摘下東京奧運首面金牌。24歲的維塔林娜在2016年里約奧運獲得銀牌，維塔林娜在童年時常與祖父一起狩獵和釣魚，正是受祖父的影響而開始練習射擊，並在接受射擊正式訓練後六年，終於入選奧運陣容。25日奧運女子團體射箭決賽，南韓射箭隊展現奪金實力，由選手安山、張敏熙和姜彩英（左到右）獲得金牌，開心在領獎台上慶祝。來自南韓的射箭選手安山，曾在資格賽射出滿分720分中的680分，打破了自1996年以來，高懸25年的奧運紀錄。25日舉行的奧運400公尺個人混合泳決賽中，上演美國隊的內戰。蔡斯·卡利茲（Chase Kalisz）以4分9秒42的成績衝向終點，領先第二名列達蘭（Jay Litherland），為美國拿下東京奧運游泳第一金。蔡斯擅長蛙泳和蝶泳，他代表美國參加2013年游泳世錦賽，贏得200公尺混合泳項目銀牌，更在2016年里約奧運時，獲得400公尺個人混合泳銀牌。25日在東京水上運動中心舉行的女子花式3公尺跳板決賽，中國選手施廷懋和王涵以總分326.40分奪金，中國在該項目上持續獨走，已經五連霸。施廷懋和王涵的三個自選動作，先後是向後翻騰兩周半屈體、反身翻騰兩周半屈體、向內翻騰兩周半屈體，全部的空中動作及同步一氣呵成，為中國跳水「夢之隊」摘下本屆首金。25日奧運第一輪網球比賽，日本選手大坂直美對陣中國選手鄭賽賽。大坂直美為本屆奧運開幕式最後一棒火炬手，她在3歲時隨家人移居美國，2019年歸化日本籍，並代表日本參加本屆奧運。年僅23歲的大坂直美是四座大滿貫冠軍，還是2020年世界上收入最高的女子運動員。但在今年五月底，因長期飽受憂鬱症所苦，宣布退出法國網球公開賽。不過根據《美聯社》報導，大坂直美的經紀人先前在郵件中表示，「她會為奧運做好準備，而且她很興奮能在母國粉絲面前比賽」。義大利體操隊在25日東京奧運韻律體操資格賽期間自拍。25日東京奧運女子競技體操資格賽中，中國選手陸雨菲在橫樑上動作。「競技體操」和「 韻律體操」有什麼不同？韻律體操和競技體操都屬於競技性體操。不過競技體操和韻律體操最大的區別，在於競技體操是一項在規定的器械上，完成複雜、協調的動作．並根據動作分值、動作難度、編排與完成情況等給予評分的運動；而韻律體操則不然，它需要運用器械來完成整套動作。項目區別：韻律體操：女子項目（至今在日本、美國、加拿大等國已有男子韻律體操）。男子與女子項目不同的是，女子的韻律體操主要有：繩、環、球、棒和帶五種；而男子的通常沒有球和棒，但加入了棍。競技體操：分為男子和女子，使用的器械各有不同，女子是平衡木、高低槓、跳馬和地板；男子則是單槓、雙槓、吊環、跳馬、鞍馬和地板。（資料來源：中華奧林匹克委員會）
東京奧運》中華隊本日賽事回顧｜7月25日,2021-07-25,7月25日，19歲跆拳界新星羅嘉翎在跆拳道女子57公斤級以10比6驚險踢下對手，讓中華隊又進帳一面銅牌。此外，備受矚目的桌球混雙四強賽，林昀儒和鄭怡靜未能擊敗「宿敵」日本隊，將與法國組合爭取銅牌。「網球一哥」盧彥勳男子單打首輪遭到淘汰，他的選手生涯也在今天劃下句點。,第二度征戰奧運的「證件妹」吳佳穎，在射擊女子10公尺空氣手槍57搶8的資格賽，以94、93、97、96、95、98六輪合計573分拿下第14名，無緣晉級決賽，不過已經創下個人在奧運最佳成績。吳佳穎接下來將在7月30日上午8時（台北時間）參加25公尺手槍資格賽，如果成功晉級，將在同一天上午11時爭奪獎牌。「媽媽選手」田家榛睽違八年再度踏進奧運賽場，在射擊女子10公尺空氣手槍項目，田家榛六輪射出94、90、94、94、91、96總分559分名列第42，一樣無緣晉級。田家榛與吳佳穎一樣，都將在7月30日參與25公尺手槍資格賽。田家榛在2018年世錦賽25公尺手槍項目奪得第四名，這次能否闖入決賽，值得期待。台灣首次拿到男子10公尺空氣步槍奧運門票，呂紹全用60發子彈射下626.3分，在47人中排第17名，未能晉級八強決賽，不過他還有機會和​​林穎欣一起征戰射擊混雙獎牌。18歲體操選手丁華恬首次登上女子體操奧運殿堂，更是睽違51年，台灣再有女子體操選手進軍奧運。不過丁華恬在賽前一個月腰部受傷，不得不放棄跳馬和地板兩個項目。她今天高低槓項目12.233分、平衡木項目出現小失誤，拿下12.566分，無緣八強。 東京奧運羽球男單小組賽，台灣一哥周天成首戰面對瑞典選手布雷施泰特，展現大會第二種子的實力，談笑用兵打得輕鬆，以21比12、21比11直落二輕鬆收下勝利。譚雅婷、雷千瑩、林佳恩的組合在16強賽碰上德國，譚雅婷打頭陣以54比55落後，第二局「雷媽」雷千瑩以54比47扳回一成，拿下2局分。第三局林佳恩49比52落後、第四局中華隊最後一箭失誤，50比55再吞敗績，最終以局分2比6無緣晉級。不過三人在7月27日都還有女子射箭個人賽，東京奧運奪牌之路還沒有結束。中華隊選手林昀儒和鄭怡靜7月25日晚上，在桌球混雙項目四強賽對戰日本選手水谷隼和伊藤美誠。水谷隼和伊藤美誠都是日本桌球界的「大咖」人物，他們和林昀儒和鄭怡靜在過去交手過三次，三回都以落敗作收。這次也未能上演甜蜜復仇記，只能與法國組合爭奪銅牌。「五朝元老」莊智淵在桌球男子單打第二輪遇上阿根廷對手西富恩特斯，雙方纏鬥打滿七局，最終莊智淵以4比3漂亮逆轉勝。下一場他將在7月27日對戰香港選手黃鎮廷，如果闖關成功，就能晉級桌球男單16強。 「五朝元老」盧彥勳7月25日在男子網球單打首輪強碰世界排名第五、被納達爾稱為「未來世界第一」的德國好手茲維列夫，盧彥勳以1比6、3比6吞下敗戰。盧彥勳賽前曾說，東京奧運將是他的球員生涯最終戰，台灣球王20年的奮戰史就此劃下句點。遞補取得東京奧運網球女雙的謝語倢與許絜瑜，在首輪強碰本屆頭號種子，曾拿下3座大滿貫賽冠軍的捷克組合柯蕾琪蔻娃（Barbora Krejcikova）和席妮雅蔻娃（Katerina Siniakova），兩人以以2比6、1比6直落二出局。黃義婷在7月24日復活賽以分組第二晉級後，在25日的24強賽中，划出8分34秒51排名分組第6，無緣闖進12強。不過，這次闖進東京奧運24強已經為黃義婷個人生涯最佳紀錄，往前推進一步。7月27日上午，黃義婷將進行13到24名排名賽，力拚再創佳績。 跆拳道好手黃鈺仁在東京奧運男子68公斤量級16強賽，雖然一度從落後到追平，但仍不敵伊朗籍對手霍西尼，最後以15比18吞下敗績。如果霍西尼可以挺進金牌戰，黃鈺仁就能參加敗部復活賽。不過霍西尼在八強賽不敵烏茲別克選手拉希托夫，黃鈺仁的東京奧運在16強止步。19歲跆拳界新星羅嘉翎，25日在57公斤級銅牌戰對上尼日的蒂基絲，羅嘉翎積極攻擊，第一局用正拳和中端攻擊拿下3比0，第三局蒂基絲連續攻擊拿下4分，一度陷入苦戰，不過羅嘉翎也以腳回擊，最後以10比6獲勝。張筑涵是台灣史上首位取得奧運輕艇女子激流項目參賽權的好手，她在第一輪預賽耗時126.95秒完賽，加上56秒罰秒，總計182.95秒排名預賽第26名；第二輪預賽則以128.66秒完賽，加上8秒罰秒，總計136.66秒，在第二輪預賽名列第25。27歲的高展宏在東京奧運舉重男子61公斤級決賽，第一次抓舉125公斤成功、第二次試舉128公斤失敗、第三次挑戰130公斤依然沒有成功；挺舉147公斤時，高展宏疑似因大腿抽筋，三次都失敗，最後排名第十二。 
東京奧運開幕》中華隊盧彥勳、郭婞淳掌旗 大坂直美點燃聖火,2021-07-24,東京奧運昨晚開幕，不過在防疫考量之下，只允許950位媒體工作人員，和主要贊助商，進入主場館參加；中華隊也因為選手備戰，只有5位選手代表參加，由網球一哥盧彥勳，和舉重女神郭婞淳負責掌旗。至於本屆東奧聖火，則是由日本網球好手大坂直美，擔任最後一棒、點燃聖火台。,五屆奧運網球一哥盧彥勳，和舉重女神郭婞淳、擔任掌旗官，本屆東奧採用日本片假名排序，中華隊排在第104順位進場；不過因為防疫考量和選手備戰，中華隊這一次只派出五位選手、代表參加。日本德仁天皇說：「我在此宣布，東京奧運正式開幕。」日本德仁天皇宣布，東奧正式開幕，國際奧會主席巴赫致詞時表示，這是希望的時刻；東奧開幕式的表演，結合傳統與新科技元素，木製的巨大奧運五環，是紀念1964年東奧時，種植的松樹和雲杉樹所製作。運動員進場時，現場播放多首遊戲動漫的主題曲。在日本隊壓軸進場後，接續登場的表演，是由1824架無人機，拼成2020東京奧運的圖案；隨後一個隊形變換，在開幕式主場館上空，轉變成一顆旋轉的地球。開幕式的最高潮，奧運聖火在歷經121天傳遞，跑了47個都道府縣，最後來到國立競技場；傳遞儀式從日本柔道金牌野村忠宏，和角力金牌吉田沙保里手持火炬進場，交給三名棒球傳奇球星，王貞治、長嶋茂雄，和松井秀喜。近年疾病纏身的長嶋，在松井扶持下完成任務，經過三棒接力，最後由日本網球新星大坂直美、點燃本屆奧運聖火。點燃頂端的球形聖火台，象徵本屆奧運正式開幕，現場也隨即施放煙火；大坂直美的父母，是海地裔美國與日本人，正好體現東奧平等的理念，也象徵東奧強調的性別平等、多樣性與和諧。  
【圖輯】東京奧運Day1》射箭划船率先競賽 滑板13歲巴西少女週日登場,2021-07-24,奧運開幕式將於日本時間八時開始，但不少賽事提前在日間進行，包括射箭、划船，馬術等項目的選手已率先出賽。空手道、滑板、衝浪、運動攀岩為本屆新增有獎牌賽事，滑板為年輕參賽選手最多的項目，世界排名第二的巴西13歲女子選手Rayssa Leal將在週日亮相。,划船項目，一早在日本東京海之森水上競技場進行。挪威選手波克在男子單人雙槳划船預賽以6分54秒46暫居預賽第一組第一。我國選手黃義婷上午在女子單人雙槳預賽第6組未能划進前3名晉級1/4決賽，將以第4名成績再戰25日複賽。 世界排名第一的混雙組合鄭怡靜與林昀儒，被視為中華隊奪牌焦點。明天上午11時將在16強賽對決印度組合Kamal Achanta 、Manika Batra 。今日兩人先在球場熱身練習。2020東京奧運越野登山車賽在伊豆的山野自行車賽道舉行，全長4100公尺，賽道垂直高度差為150公尺，這條赛道的難度超越前幾屆奧運比賽場地。至於自行車公路賽，將從東京都調布市的武藏野之森公園出發，經過神奈川縣與山梨縣，終點在靜岡縣的富士國際賽車場。女子組上坡路段長度為2692公尺，男子組上坡路段長4865公尺，途中經過多段陡峭的上下坡路段，也讓東京奧運公路車賽難度高於歷屆。我國選手馮俊凱也將代表參賽，他是台灣第一位加入世界一級職業車隊的車手，曾經在2013年天津東亞運動會拿下男子個人公路賽金牌。滑板是東京奧運新增的五項賽事之一，本屆將產生四面金牌，分別為男子/女子街頭賽(Street)及公園賽(Park)。滑板也是最多年輕選手參賽的項目，除了女子公園賽有兩位年僅12歲的選手外，參加街頭賽的巴西選手Rayssa Leal，以及日本的西矢椛也不過13歲，Leal更是世界排名第二的高手。奧運首度納入衝浪競賽，美國、澳洲兩國的選手，向來是世界衝浪聯盟(WSL)巡迴賽的主要競爭者。近年來，衝浪運動也在巴西捲起熱潮，為僅次於足球的第二大項目。女子組則幾乎可說將由美國及澳洲代表，上演兩強相爭戲碼。今年32歲的澳洲選手吉摩兒（Stephanie Gilmore）稱霸七屆ASP世界衝浪大賽、拿過30多次世界巡迴賽冠軍，被視為奪金熱門。衝浪賽將在千葉縣的釣崎海岸衝浪賽場舉行。澳洲七人男子橄欖球隊的成員於23日東京奧運會上進行練習。澳洲七人男子橄欖球隊的成員於23日東京奧運會上進行練習。澳洲七人制男子橄欖球隊成員23日在東京奧運中午熱身練習後，在冰浴中浸泡。 法國馬術選手馬克西姆·科拉德 （Maxime Collard），23日在東京奧運馬術公園舉行的馬術盛裝舞步比賽中，接受馬術檢查。22 日在東京水上運動中心的游泳訓練課上，美國游泳選手 凱勒布·德萊賽爾（Caeleb Dressel）與隊友湯利·哈斯（Townley Haas）站在游泳池旁，為配合東京奧運防疫規定，兩人分別戴上口罩。（美聯社資料照） 美國的水上排球選手梅麗莎·塞德曼（Melissa Seidemann），在2012倫敦奧運女子水球準決賽中擊敗了澳州的尼古拉·扎加梅（Nicola Zagame）獲得金牌，她決定在本屆東京奧運獲得生涯中的第三面金牌。 德國門將穆勒 (Florian Mueller) 在東京奧運男子足球賽中對陣巴西。 
東京奧運》東奧今晚開幕 37家廠商憂觀感不佳不出席開幕式,2021-07-23,東京奧運今晚7點舉行開幕儀式，不過根據東奧組委會今天發表的最新資訊，又增加19名確診者，這也讓東奧相關人士確診達到106人。而為了維安、落實防疫措施，來自日本各地約1萬2千名員警，上午就在各個會場周圍，高度戒備。只是原本預計出席開幕儀式的各家贊助商，憂心反奧運民眾的觀感，已經有37家業者表態，不會出席。,日本東京奧運23日晚間舉行開幕儀式，一大早，奧運的主場館「國立競技場」的柵欄外就有許多民眾圍觀，為了維安、落實防疫措施，來自日本各地約1萬2千位員警，就在各地高度戒備。日本NHK記者指出，「日本警視廳23號一早成立最高警備總部，今天不只要在國立競技場跟選手村(警戒)，包括其他競技會場也嚴正戒備。」由於不斷有相關工作人員違反防疫規定，日本奧運組委會也暫停違反者的工作人員識別證，並且加強讓監視員巡邏檢舉。過去，在奧運追求和平，跟人人平等的精神下，日奧組委會先後有前會長森喜朗，跟創意總監佐佐木宏先後因對女性不當發言請辭，後又爆出奧運曲目作曲者小山田圭吾，因為學生時代霸凌同學請辭，跟開閉幕表演節目總監小林賢太郎拿納粹屠殺猶太人開玩笑遭開除，讓組委會在用人方面頗受爭議。日本首相菅義偉強調，「這種荒謬至極的情況完全不能接受。(記者問：開幕儀式還會照常舉行嗎？)，應該還是會照預定舉行。」只是原本預計出席開幕儀式的各家贊助商，憂心反奧運民眾的觀感，已經有37家業者表態，將不會出席開幕儀式。隨著東奧展開，東京疫情也跟著蔓延，22日確診患者達到1979人。專家評估，照感染速度發展，到8月下旬，可能將會一天確診達到5千人。為了防範疫情，日本首相「菅義偉」，也跟預備出席奧運開幕儀式的輝瑞藥廠執行長會談，除了感謝免費提供奧運4萬人份疫苗，給選手跟工作人員 後續也期望持續穩定供應日本疫苗。 
東奧今晚開幕 7/1迄今已93位奧運相關人員確診,2021-07-23,2020東京奧運今晚開幕，國際奧會主席巴赫面見日皇德仁保證盡全力不為百姓帶來危險，不過根據媒體中心最新統計，自7月1日以來，奧運賽會已有93人確診。美國第一夫人吉兒已抵日本為自家代表隊加油。,因疫情而延後一年登場的東京奧運進入倒數，向來被認為具有高度民族意識的日本，經歷一年多來辦與不辦的爭議，終於要用這場大型賽會向世人證明大和精神；但現實是，日本疫情相當不樂觀，民眾五味雜陳。日本民眾上野認為，很難讓大家有共識。聯合國傳訊向東道主日本表達謝意並向運動員致敬；開幕前一天，國際奧會主席巴赫面見日皇德仁，對天皇願意依傳統跟奧林匹克憲章宣布奧運正式開始，無限感激。日本天皇德仁說，「在這種情況下要盡所有可能辦好奧運並且掌控疫情，是一件非常不容易的任務。」國際奧會主席巴赫強調，「我想向陛下保證，我們將盡一切可能不為日本民眾帶來風險。」不過這並非巴赫真正能掌控，東京疫情持續惡化，22日新增確診將近2000例，7月1日以來，參與奧運賽會的相關人員包含運動員在內，已經有近百位確診。東奧組委會運行中心負責人中村秀正說，「限制950人觀禮，運動員允許參加，我們正在採取對策，運動員要遵守防疫規定。」美國第一夫人吉爾已經抵達日本，與首相菅義偉見面，她也透過視訊，為自家選手加油打氣，聯合國秘書長古提瑞斯，22日特別發表聲明，感謝日本在疫情下舉辦奧運的精神，而2024巴黎奧運東道主，法國總統馬克宏也是開幕典禮座上賓，由於觀眾席上將會冷冷清清，東奧已備妥萬人掌聲的特效音。 
東京奧運》開幕式節目列最高機密 共同社：可能跟日本動畫有關,2021-07-23,即使距離2020東京奧運開幕式剩不到24小時，但這場全球關注的運動賽事，噩運似乎還沒有結束。繼負責為東京奧運開幕式作曲的音樂家小山田圭吾，被揪出學生時代霸凌他人的醜聞而引咎辭職，「演出總監」小林賢太郎也因曾在表演中，拿二戰期間猶太人遭大屠殺歷史開玩笑，在開幕前一天的7月22日遭免職。,目前確定東奧開幕式將不採用小山田圭吾參與創作的4分鐘曲目；至於小林賢太郎製作的表演是否如常演出，也成為焦點。空白的4分鐘將如何填補，相信讓日本奧組委傷透腦筋。歷屆奧運開幕式的表演項目，都被視為「機密情報」，本屆東京奧運也不例外。目前確定的只有開幕式當天，日本航空自衛隊飛行表演隊「藍色衝擊波」將在東奧主場館上空飛行，畫出彩色的奧運五環。日本共同社從彩排時常出現遊戲和動漫的音樂，以及團隊名單推斷，開幕式演出可能融合日本動漫和年輕人文化，形塑日本在世界上的影響力和活力。最受矚目的最後一棒聖火火炬手，也備受矚目，外界猜是抗癌付出充滿「勵志」精神的日本游泳選手池江花璃子代表。不過距離開幕倒數24小時，演出總監卻被免職，不免讓人擔心東京奧運開幕式能否順利演出。據悉，因考量全世界還深受COVID-19疫情所苦，日本天皇的開幕致詞也會避開「祝賀」等詞彙。根據日本奧組委統計，因應東京都「緊急事態宣言」，東奧開幕式僅有950人出席，包含日本奧會名譽主席日本天皇、首相菅義偉、東京都知事小池百合子和部分贊助商代表。不過奧組委強調，出席名單還在確認，實際人數可能更少。此外，為了保持運動員進場前後的安全距離，初步估計代表團進場環節將會較以往延長30分鐘左右，為了避免飛沫傳染，進場人員除了戴口罩之外，日本奧組委也鼓勵參與者以鼓掌代替歡呼。日本該如何在防疫前提之下，打造不冷場又能展現日本軟實力的開幕式，全世界都在等著看。 
東京奧運》開幕式在即 表演總監曾拿納粹屠殺開玩笑遭開除,2021-07-22,東京奧運明天就要正式開幕，但東京疫情也因為Delta變種病毒傳染快速，進入第5波疫情爆發期，今日新增1979例確診，其中東奧的選手跟相關人士已累積確診87人。除此之外，日本奧運組織委員會也連日風波不斷，繼作曲者因霸凌案請辭後，再爆出開閉幕表演總監曾經拿猶太人遭納粹大屠殺開玩笑，遭到開除。,受到Delta變種病毒影響，日本進入第5波疫情的爆發期，首都圈確診人數持續暴增，光是東京21日的確診人數就達到1832人，是今年1月16日以來首次超過1800個確診病例。比起上星期增加683人，也創下每週三確診的新高紀錄。在東京奧運即將開幕的時刻，選手村內不斷爆出選手跟相關人士、義工確診，到22日中午為止，總確診相關人士已經有87人。根據NHK報導，包括由國外赴日的2名選手，總計入住選手村者共有4人確診，另有6名居住日本的委託業者等，今天新增國內外確診共12人。除了相關人士陸續確診，日本奧運組織委員會日前才因為奧運作曲者之一的小山田圭吾，因學生時期霸凌他人，遭輿論批評請辭，如今又因為開閉幕表演總監小林賢太郎，曾拿納粹屠殺600萬猶太人開玩笑，遭到人權團體批評。日本奧運大臣橋本聖子對此回應，「得知他曾在自己的表演活動中對過去歷史上讓人痛心的史實，使用揶揄的台詞，東京2020奧運組織委員會因此決定在今天將小林先生開除。」儘管東奧疫情、開除工作人員的風波不斷，但23日的開幕儀式仍有包括20位各國跟各組織領袖，約950人出席。日本疫情嚴重，南韓的疫情也持續升溫，22日新增1842人確診，再刷新單日新高。外媒報導，目前南韓正處於第4波疫情爆發，20到39歲確診患者的比例開始攀升。過去一週感染Delta病毒患者比例，在所有變種病毒患者中占比高達76%。南韓政府預計延長首都圈的4級防疫措施外，也將從26日開始緊縮其他地區的防疫措施。 
東京奧運》疫情持續升溫 智利與荷蘭選手確診被迫退賽,2021-07-21,東奧開幕倒數兩天，東京疫情卻持續升溫，今天新增1832起確診，創6個月來最高紀錄。智利跆拳道以及荷蘭選手，因為確診被迫退賽。受到疫情影響，奧運首度延後一年舉辦，也首次採取閉門比賽，加上各國代表團人數受限，也讓東奧成為近年來最陽春的一屆奧運。,「主辦國，東京」確定主辦2020夏季奧運，時任日本首相安倍晉三，和申辦團隊開心慶祝。日本國內籌備緊鑼密鼓，場館建設照進度走；選出吉祥物「未來永遠郎」，公布競賽項目，包含相隔兩屆再度登上奧運舞台的棒球。從希臘雅典迎回聖火，並由東奧形象大使石原聰美，從福島展開傳遞；一切看似順利，卻想不到新冠肺炎疫情，2020年初開始攪局，讓一切亂了套。時任日本首相安倍晉三在2020年3月24日說：「我從巴赫主席那裡得到答覆，他100％同意，我們達成共識，將東奧和帕運延到2021年夏天。」過去奧運曾有5次受到戰爭影響而取消，卻從沒出現過延期，東奧和帕運因為疫情延期，成為史上第一次。原本東奧組委會決議，開放場館容量五成觀眾進場、上限一萬人；7月8日的五方會談後，先是首都圈、一都三縣採取閉門賽，隨後北海道和福島縣也跟進，不開放觀眾進場。國際奧會主席巴赫在今年7月14日說：「我們想重申國際奧會的所有承諾，我們將盡一切努力，不給日本民眾帶來任何風險。」史上頭一遭，無論海內外觀眾，全都只能透過轉播，觀賞奧運賽事；有學者就分析，旅遊觀光相關收入，損失高達2000億日圓。「現在不是舉辦奧運的時候。」根據日本媒體民調，國內民眾有高達六成認為應該停辦東奧；反對舉辦奧運的民眾，頻頻上街示威，他們不支持的主因，就是全國疫苗接種比率過低，擔憂奧運爆發群聚感染，導致醫療崩潰。各國選手陸續抵達東京，卻也不時傳出確診消息。本屆奧運預定會有1萬2千名運動員參加；但疫情爆發，各國代表團人數受到限制，加上改採閉門賽，即便東奧順利舉辦，也將成為近年來最陽春的一屆奧運。 
東京奧運》選手睡紙板床防親密行為？ 背後藏長達三年研究心血,2021-07-21,7月19日中華隊抵達東京，體操選手唐嘉鴻錄影開箱選手村環境，看到床後直呼：「這個床非常的酷！它是紙做的。」,其實早在7月17日，美國田徑選手切利莫（Paul Chelimo）的一則推特貼文之後，選手村的紙板床一曝光，即火速登上各大媒體版面。切利莫說：「東京奧運的床由紙板製成，這是為了避免運動員之間的親密行為，但它的確可以承受一個人的重量。」隨著切利莫的推文被《紐約郵報》以及其他媒體引用，防性床（Anti-Sex Bed）一詞不脛而走，甚至被形容為東京奧運防疫措施一環。不過愛爾蘭體操選手麥克林漢（Rhys Mcclenaghan）在7月18日發布一則在床上大力跳躍的影片，更說：「這些床的確是用紙做的，不過顯然要說它們會因為突然的動作而斷裂，這是假的，假新聞！」“Anti-sex” beds at the Olympics pic.twitter.com/2jnFm6mKcB奧運官方推特還轉推麥克林漢的影片，感謝它打破迷思，還向外界喊話這些紙板床很牢固。根據共同社報導，選手村1.8萬套環保紙板床採用防水加工技術，承重約量約為200公斤，在奧運結束之後，可作為再生紙使用。打造紙板床的奧運贊助商愛維福（airweave）負責人透露，他們花了3年時間進行開發，經過反覆測試才提供給奧運選手村使用，不僅耐重，床墊還分3種不同彈性，供運動員自行替換，減少軟硬不適對脊椎造成壓力。不過他也特別強調，請避免在床上蹦跳。
東奧點將錄》田徑：連三屆六選手參賽 誰能拿下睽違53年的奧運獎牌,2021-07-20,1968年「飛躍羚羊」紀政在墨西哥奧運拿下80公尺跨欄銅牌後，我國就再也沒有田徑選手能站上奧運頒獎台。本屆田徑項目中華隊共有6名選手參賽，分別為標槍選手鄭兆村及黃士峰、男子100公尺選手楊俊瀚、110公尺跨欄選手陳奎儒、400公尺跨欄選手陳傑外，還有唯一的女性代表100公尺選手謝喜恩。眾人的目標，當然是睽違53年之久的奧運田徑獎牌。,  2017年世界大學運動會，鄭兆村驚天一擲，擲出91.36公尺佳績，成為亞洲第一位擲出超過90公尺的運動員，這項紀錄讓鄭兆村在世界標槍史上名列第十三名（截止7/14止）。世大運後，鄭兆村入伍服役，在單兵擲手榴彈項目中曾擲出80公尺的驚人成績，成為一時佳話，也打破棒球投手王建民的紀錄。不過退伍後，鄭兆村在各項賽事沒有再突破過90公尺大關。本屆賽事強敵環伺，來自德國的Johannes Vetter、波蘭的Marcin Krukowski，以及印度的Neeraj Chopra，都會是首次參加奧運的鄭兆村的勁敵。若要奪牌，勢必再次展現驚天一擲的功力。   有「臺灣最速男」之稱的楊俊瀚，跟上屆里約奧運擦肩而過，本屆終以奧運積分取得參賽資格。這也是繼1996年亞特蘭大奧運的黃信平，相隔25年後，中華隊再有100公尺選手步入奧運殿堂。2017年世大運楊俊瀚在100公尺決賽以10.22秒摘下金牌，也是睽違26年再有台灣選手在世大運田徑賽場為國爭光。2018年日本大學田徑錦標賽，楊俊瀚在男子100公尺決賽，跑出10秒11佳績，除了刷新國家紀錄，也為自己添得金牌。本屆男子100公尺共有56名選手參賽，楊俊瀚以51名取得資格，雖然跟「奧運百米飛毛腿」前段班選手有差距，但楊俊瀚並不認輸，先以晉級複賽甚至決賽為目標，也期待在過程中再度刷新國家紀錄。   身為本屆中華隊田徑唯一女將，謝喜恩跟表弟楊俊瀚攜手進軍東奧，她曾在全國中等學校運動會高女組100公尺跨欄打破大會紀錄。跟另外五位男性選手相比，謝喜恩在「成績標準」、「世界排名積分」都無法達標的情況下，意外地獲得奧運門票。按照東京奧運田徑項目參賽規範，各國若女子​組或男子組無人達標，則可以從該組推派1位選手取得參賽保障名額。中華民國田徑協會原本推派世界積分排名較高的鉛球女將林家瑩出賽，卻遭世界田徑總會（World Athletics）以成績為由婉拒，因此改推派謝喜恩。不過，謝喜恩擅長100公尺跨欄，卻因各項目的保障名額已經確認，唯有100公尺項目不會影響整體參賽額度，因此改為參加100公尺。對於這樣的決定，謝喜恩表示，連自己100公尺的最佳成績12秒33，也是上網查詢後才想起來，所以這次在東奧目標就放在突破自我，刷新個人紀錄。   黃士峰與鄭兆村同為標槍選手，不過這是他二度征戰奧運，在上屆里約奧運資格賽，黃士峰三次試擲僅成功一次，成績74公尺33，未能晉級決賽。不過在2017年世大運，他跟鄭兆村一樣，在賽事中擲出個人生涯最佳成績86.64公尺。今年6月黃士峰在東京奧運測驗賽第二擲，以85.03公尺達到東京奧運參賽標準（85公尺），成為國內第二位取得東奧門票的田徑選手。雖然沒有超越90公尺驚天一擲的神話，但黃士峰在測驗賽的成績，足以讓他在今年度男子標槍選手成績排名11，可望晉級決賽。   本屆男子400公尺跨欄共有40名選手參賽，陳傑以奧運積分，排名39，驚險取得參賽資格。再次登陸奧運舞台，陳傑已成為楊傳廣、紀政後，國內第3位連三屆闖進奧運的田徑好手。專攻400公尺、400公尺跨欄，陳傑更是台灣400公尺全國紀錄保持人。不過前兩屆奧運，陳傑都在男子400公尺跨欄預賽止步，成績分別為50秒27和50秒65。今年受新冠疫情影響，陳傑失去不少到國外跟世界好手比拼的機會，本季400公尺跨欄最佳成績為50秒96。他的目標放在闖進複賽，以及打破陳天文在2001年北京世大運的48秒63全國紀錄。   陳奎儒專攻110公尺跨欄，跟楊俊瀚同樣首次參加奧運，他在2018印尼雅加達亞洲運動會以13.39秒，獲得男子110公尺跨欄銀牌，打破全國紀錄。隨後在2019年台灣國際田徑公開賽，跑出13秒34，再度刷新全國紀錄。為鞏固奧運積分排名，陳奎儒在今年5月遠赴日本參加田徑東奧測試賽，在比賽中繳出本季個人最佳的13秒62，以第5名作收。雖然未達奧運參賽標準成績13秒32，但7月世界田徑總會公告東京奧運名單，陳奎儒仍以奧運積分，在男子110公尺跨欄排名35，順利踏進國立競技場，與一眾世界好手較量。 
東京奧運》中華隊全部陰性順利入境 選手士氣高昂,2021-07-20,"東京奧運中華隊第一批134人，昨晚順利抵達日本羽田機場，駐日代表謝長廷親自率隊迎接；中華隊選手在經過嚴格的防疫入境程序後，也全數順利入境日本，前往選手村，將陸續前往比賽場館進行賽前調整。
",華航飛機緩緩降落羽田機場的跑滑道，東京奧運中華代表團第一批134人，正式抵達日本。在經過兩個小時的防疫入境程序之後，全數順利入境日本羽田機場，雖然舟車勞頓，不過選手臉上藏不住想要比賽的雀躍感，用簡單幾句話來表達，他們已經準備就緒。東奧中華隊跆拳道國手劉威廷說，「其實(入境通關)還好滿快的，只是今天(7/19)程序很多，真的手上拿一堆東西，其實滿開心的來到這邊，滿興奮的。」東奧中華隊拳擊國手林郁婷也表示，「東奧的感覺，興奮，興奮啦！迫不及待，我已經準備好了。」東奧中華隊拳擊國手陳念琴則說，「念琴讚，念琴讚，奧運我來了。」第一批抵達的中華隊國手，真的堪稱全明星等級，舉重郭婞淳，羽球戴資穎、周天成，還有射箭隊都順利入境。選手們幾乎臉上都全副武裝，保護做到最確實，要讓身體萬無一失。這個屬於中華隊和台灣的大日子，駐日代表處代表謝長廷，也親自來到羽田機場，並且準備一些簡單的餐點，要給辛苦的選手教練，代表一看到中華奧會主席林鴻道，也開心的擊肘表達熱烈歡迎。駐日代表處代表謝長廷表示，「特別高興，不能叫，差點叫出來，希望他們早一點休息，養足體力，注意自己的健康，有好的表現，這是我們的期待。」中華奧會主席林鴻道說，「能夠順利來參加東京奧運的比賽，那我們選手的士氣都很高昂。」中華健兒順利入境日本，全員鬥志高昂，身心靈都保持最佳狀態，要在夢幻般的奧運殿堂，努力用運動表現，震撼全世界。 
東京奧運》讓選手搭經濟艙思慮欠周 總統蔡英文、蘇揆、潘文忠皆致歉,2021-07-19,0,我國奧運代表團前進東京奧運，下午搭乘華航專機CI220班機，從台北松山機場出發，經過大約三個小時的航程，稍早已經抵達日本。我國僑民手持國旗前往接機，駐日代表謝長廷也到機場迎接。不過羽球選手戴資穎在社群上發文，說很懷念長榮航空，可以搭乘商務艙，引發熱議。由於教育部長潘文忠曾說，到東奧的選手教練都要搭商務艙，稍早潘文忠與體育署長張少熙在臨時記者會中致歉。行政院長蘇貞昌也親自致電戴資穎說對不起，表示讓選手搭乘經濟艙，思慮顯有不周。蔡總統稍早也向所有代表團選手道歉。另外，體育署長張少熙也在記者會中回報，全體東京奧運代表團的新冠肺炎檢測結果皆為陰性。 
東京奧運》我3游泳國手獲東奧門票 「雙王」表現受矚目,2021-07-19,"這次東京奧運首次有三位選手取得門票，其中王冠閎和王星皓更以奧運A標拿到資格！而19歲的王冠閎，去年在國際游泳聯盟賽事的200公尺蝶式，打破世界青少年短水道紀錄。
",躍身入水， 透過腰部擺動與雙手配合快速前進，每次訓練，王冠閎全力以赴，有時練完，還主動要求多游一點，19歲的他非常自律，知道為了什麼努力。東京奧運游泳國手王冠閎分享，「我其實國小的時候也不算是非常優秀的選手，我以前也是那種吊車尾，所以那時候其實也是有那種，不想，因為出去都被電，所以那時候心情也不是很好，就是下定決心不想再輸了，所以回去就特別去積極努力，然後去認真想想自己的動作也好，技術也好。」付出不一定贏，不練肯定輸！2019年世青游泳錦標賽200公尺蝶式決賽，王冠閎1分56秒48，打破全國紀錄也達奧運A標取得資格，2020年國際游泳聯盟賽事，1分49秒89打破世界青少年短水道紀錄，成為台灣史上第一名世界青少年紀錄保持人，也因這成績信心大增。從建中開始帶他的教練黃智勇說，王冠閎很懂事，再累也不鬧脾氣，遇到越大型比賽越能冷靜下來。東京奧運游泳隊教練黃智勇表示，「成長，也看他到今天有這種成績，我們其實一點都不意外，他從小就是展現比較所謂的那種過人的一個天份，除了水感以外，然後再來是他的一個企圖心。」蝶式、仰式、蛙式、自由式4種泳式不停來回，21歲的王星皓，在2019香港錦標賽200個人混合式，成為台灣第一位達到奧運A標取得門票的游泳選手。但東奧延辦，去年年底腳踝受傷，三月底才全好，訓練循序漸進，為了提升成效，王星皓的教練，也是他的爸爸王耀偉，請來星皓的姑姑，前漢城奧運國手王琪加入團隊。東京奧運游泳國手王星皓說，「比較有規劃也比較有目標，她在平常訓練也都會用我們比賽的成績去帶入說，你訓練的時候該游到幾秒。」東京奧運游泳隊教練王耀偉指出，「星皓的四式當中，在這個階段上他的仰式在訓練的時候進步非常大，可能在比賽的時候，他的這個成績上可能會從仰式這邊會再凸顯出來。」東奧游泳培訓隊總教練李澄峯說，受國際疫情影響，雙王只能在國內短期移地訓練，最後重心以先進入前八名決賽的狀態，來做模擬訓練。東京奧運游泳培訓隊總教練李澄峰表示，「設定的一個目標是在進入前八名，這兩位選手其實說真的，他們最好的黃金期應該是在2024的奧運。」或許離拿下獎牌還有距離，但雙王取得奧運入場券，對國內泳壇是很大鼓舞，而對台灣民眾來說，向來冷門的游泳項目，這次總算有了自家選手，可以加油打氣。 
東京奧運》東京確診連5日破千 烏干達運動員「想留日本工作」失蹤,2021-07-19,中華隊代表團今（7/19）日啟程前往2020東京奧運，行政院蘇貞昌院長、教育部潘文忠部長、體育署張少熙署長親自送機。本屆奧運中華隊扣除團隊項目（棒、壘球），共拿下18種運動項目，68席次的參賽資格，寫下參賽席次最多的歷史紀錄。,中華隊代表團今（7/19）日啟程前往2020東京奧運，行政院蘇貞昌院長、教育部潘文忠部長、體育署張少熙署長親自送機。本屆奧運中華隊扣除團隊項目（棒、壘球），共拿下18種運動項目，68席次的參賽資格，寫下參賽席次最多的歷史紀錄。體育署為了選手安全，全程採最高規格防疫，先遣人員已於7月14日抵達，處理賽會註冊等工作事宜；主團人員134人一早從國家運動訓練中心出發，全程搭乘專車、高鐵包艙抵達松山機場、再搭乘華航包機前往日本東京。不過選手安全抵達之後，邊防疫邊備戰又是一大挑戰。東京都7月18日單日有1008人確診新冠肺炎，近7天平均新增確診數增至千人（1068.3人）。東京疫情持續延燒，也大幅衝擊首相菅義偉內閣支持度。根據共同社全國電話輿論調查結果顯示，菅義偉內閣支持率跌至四成以下（35.9%），比6月下降8.1個百分點，創菅義偉內閣上任以來新低。日本政府在奧運開幕前兩週，對東京都發布第四次「緊急事態宣言」，將近7成的民眾不認為有效果，7成民眾認為菅義偉應該負責任。即使事前國際奧會和日本奧組委擬定多項防疫措施，但7月17日，一名大會相關人士確診新冠肺炎，7月18日又有兩名入住選手病毒篩檢結果為陽性，也讓東京奧運選手村的防疫措施被外界打上一個大問號。雪上加霜的是，提早到日本集訓的烏干達代表團選手，在宿舍留下訊息後不知所蹤，也代表隔絕選手與日本民眾的措施破功。20歲的烏干達舉重選手賽奇特列科（Julius Setitreco）7月16日上午未按時繳交核酸檢測結果，飯店人員才發現賽奇特列科留下「烏干達太苦，我想留在日本工作」的字條，已不知去向。根據警方調閱監視器發現，他可能買了前往名古屋的新幹線車票，目前仍在搜索。這並非烏干達選手利用出國比賽機會出逃首例，2014年有若干烏干達運動員比賽結束後消失，最終獲得難民身分，還加盟橄欖球隊出賽。但在新冠肺炎疫情肆虐的此刻，烏干達運動員從選手村出逃，更令人擔心是否會成為防疫破口。 
東奧現場直擊》連續採訪四屆奧運 記者私心推薦7項必看比賽,2021-07-19,2020東京奧運由愛爾達電視、東森電視、公視共同轉播，因為身為轉播代表，公視記者得以「泡泡模式」率先進入日本，無須入境後隔離14天。不過曾採訪四屆夏季奧運的公視記者林曉慧透露，疫情影響帶來的考驗超乎預期，從抵達成田機場到下榻飯店，整個過程只能用「折磨」來形容。,公視記者7月14日抵達成田機場，機場不見人潮反而十分冷清，相較於2012倫敦奧運熱鬧、2016年里約奧運熱情，成田機場內東京奧運海報張貼數少且小張，更多的反而是COVID-19防疫宣傳海報。記者一下飛機後，展開一連串資料繳交與篩檢，「從下飛機到出關，呼吸到東京的空氣，總共花了2個半小時。」然而，這還只是開始。採取泡泡模式入境的記者，前三天必須繳交1.5毫升到2毫升的唾液，之後每四天繳交一次，離境時還需再繳交一次唾液進行篩檢。口水篩檢前還不得喝水、吃東西、刷牙，以免破壞口腔環境，影響檢測準確度。記者林曉慧說：「不要以為吐口水這麼簡單，尤其當你一次要吐出這麼多口水的時候，其實非常辛苦。」先前曾經提過，奧委會規定，記者採訪需距離選手2公尺、訪問時長不得超過90秒，但其實另一個挑戰，是日本奧組委嚴格控管每場賽後訪問人數，記者需在賽事前一天提出採訪申請，由大會批准後，比賽當天才可以在「混採區」出現。於是中華隊參賽的18項目、68席參賽人員，每場比賽記者該訪誰、問什麼，都再再考驗記者採訪實力。本屆奧運共有339個競技賽事，林曉慧特別推薦其中七項「必看項目」，有中華隊選手參賽的包含舉重女子59公斤級，有抓舉、挺舉、總和三項世界紀錄保持者郭婞淳上場，另外相隔56年再度以男子成團參加奧運的體操隊，林曉慧也看好「鞍馬王子」李智凱至少有前三名的實力，李智凱與英國好手惠特洛克（Max Whitlock）之爭，絕對不能錯過。2016年里約奧運射下團體銅牌的女子射箭賽張力十足，也在林曉慧真心推薦名單當中；首度納入奧運比賽項目，由「小清新」文姿云應戰的空手道也值得一看。男子職業網球世界排名第一的喬科維奇（Novak Djokovic），號稱為了不讓朋友失望，臨時宣布出戰東京奧運，在缺乏其他網球大咖的競爭之下，喬科維奇能否拿下金滿貫，全球都在關注；至於杜蘭特（Kevin Durant）領軍的美國籃球夢幻隊，力拚改寫奧運得分王紀錄，這兩場項目都讓全世界引頸期盼。最後一項林曉慧力推必看項目，就是有「蝶王」美譽的中華隊泳將王冠閎出賽項目，年僅19歲的王冠閎不僅在資格賽時，不僅打破全國紀錄、也達到奧運A標，讓他的奧運處女秀備受期待。
東京奧運點將錄》小清新文姿云首戰奧運 莊智淵跨世代領軍力拚桌球全壘打,2021-07-19,2020東京奧運將在7月23日開幕，賽事為期2星期，這次中華隊一共拿下18項運動、68席參賽資格，我國好手輩出，除了曾射下2016年里約奧運女子射箭團體銅牌、人稱「雷母」的雷千瑩再次參賽；本屆奧運首度增列空手道為正式項目，人稱「小清新」的文姿云，挾著亞運史上首位空手道二連霸的氣勢，有機會為台灣留下紀錄。,2020東京奧運空手道首次成為正式項目，儘管目前在女子55公斤級世界排名第二，文姿云取得奧運門票之錄卻一波三折。日前她在臉書自曝心情說：「從去年年初結算積分、公布獲得資格、奧運延期、取消資格、最後一戰失利、積分可能被超車的危機、直到再次公布獲得資格⋯大家有洗過三溫暖嗎？或是搭過雲霄飛車嗎？對，就是這種感覺。」去年世界空手道聯盟（WKF）公布奧運名單，文姿云榜上有名，但WKF又撤回名單，宣布再新增一場積分賽，大幅影響文姿云心情。加上五月初文姿云到里斯本出賽，首輪就遭到淘汰，奧運門票一度岌岌可危，她坦言是一大挫折，「不過記得跌倒的時候，也不要忘記撿一個東西起來，越挫越勇的感覺。」文姿云出腳狠準凌厲，一直是空手道賽事常勝軍。第一次進入奧運殿堂，她說：「目標只有一個，就是金牌。」中華隊在桌球項目拿到男單、女單、男雙、女雙、混雙所有參賽資格，中華隊教練許榮展直言奪牌機率不低。桌球項目將是東京奧運開幕後的第一場賽事，世界排名第一的「黃金混雙」林昀儒與鄭怡靜信心滿滿，期待給中華隊帶來「開門紅」。參加過四屆奧運賽事的「桌球教父」莊智淵也信心滿滿，認為只要把平常練習和優點發揮出來就好，盡量別受干擾，他也將與2013年一起奪得世界桌球賽冠軍的陳建安再度聯手搭檔，盼為中華隊搶到好采頭。不過本屆賽事因為防疫，禁止選手對球吹氣或觸碰球桌，否則將開罰。中華隊桌球教練許榮展在訓練期間已警惕選手，希望矯正選手的小動作。接觸弓箭18年的「雷媽」雷千瑩第三度參加奧運，與隊友譚雅婷、林佳恩是2012年倫敦奧運的組合，睽違9年再度集結，雷千瑩表示三人無論在心態、技術、動作都成熟許多，彼此默契十足，相信在賽場上能有最好發會。譚雅婷曾經因受傷萌生退意，更一度因為東京奧運延期備感煎熬，但回頭看這一年時光，譚雅婷說，這也讓她身心調整到最佳狀態，希望能成為隊友助力，創造比2016年里約奧運銅牌更好的成績。18歲就以優異成績拿到2008年北京奧運門票的馮俊凱，睽違十二年，二度叩關東京奧運公路賽。馮俊凱表示，完賽是他最大目標，「但我也不想只是跟著」，馮俊凱給自己的挑戰是突圍，「讓台灣，讓我秀一下。」馮俊凱配合這次東京奧運比賽路線，增加爬升訓練，自認為無論在心律或健康狀態，都維持在不錯的水準，期待這次能拿下好成績。 
東京奧運點將錄》菲爾普斯接班人再戰奧運 喬科維奇挑戰金滿貫,2021-07-19,2020東京奧運將在7月23日「空場」開幕，本屆賽事因為新冠肺炎肆虐全球，為選手安全蒙上陰影；2021年4月16日北韓開出第一槍，宣布拒絕參加東京奧運，隨後澳洲跳水協會、加拿大體操代表隊和中華職棒等，先後放棄參加奧運資格賽。,包含網球名將納達爾（Rafael Nadal）、費德勒（Roger Federer）、小威廉斯（Serena Williams）、NBA球星柯瑞（Stephen Curry）和澳洲高爾夫球王史考特（Adam Scott）都因疫情或自身考量拒絕參賽，讓外界質疑本屆賽事缺乏「大咖」。不過等到各國代表隊名單陸續出爐，可以發現2020東京奧運仍是星光熠熠。憑著純熟控球技巧與精準度極高的三分球，被美國媒體評為球場上最難防守的杜蘭特（Kevin Durant）將率領美國夢幻隊出征東京奧運。杜蘭特在2012年倫敦奧運、2016年里約奧運表現亮眼，一連摘下2面金牌，如今他將再度代表美國出賽，除希望帶領夢幻隊穩坐三連霸，也瞄準個人第三面金牌，力拚超越「詹皇」詹姆斯（LeBron James）的2面奧運金牌紀錄。杜蘭特在過去兩屆奧運一共拿下311分，和「甜瓜」安東尼（Carmelo Anthony）只差25分，只要參賽，幾乎篤定可以寫下美國隊奧運個人得分新紀錄。不過先不提杜蘭特身懷舊傷，這次美國「奧運夢幻隊」在幾場熱身賽接連吞敗，也讓人懷疑美國能否再次制霸奧運籃球場。美國「飛魚」菲爾普斯在2016年里約奧運後宣布退休，不過「新飛魚」馬上就游過來了。新生代選手德魯塞爾（Caeleb Dressel）2017年在布達佩斯世錦賽一舉勇奪7金，連菲爾普斯都在IG上大讚：「這孩子根本火力全開，看他比賽太有趣了（The kids is on fire. So damn fun to watch buddy.）。」在本屆東京奧運，德魯塞爾將出戰50公尺、100公尺自由式和100公尺蝶式等項目。日前他接受採訪時，堅定地說：「不管有沒有觀眾，都不會影響我的表現。」他會遵守一切防疫規範，並全心全意專注在游泳上。原本世界排名第三的喬科維奇才剛在7月21日拿下溫網金盃，以20座大滿貫冠軍重回球王寶座。他原先因為「空場」比賽、防疫規定嚴格、隨行人員限制等原因，對於參加東京奧運猶豫再三，但7月16日，他在推特PO出一段為日本6歲孩童Koujirou的慶生影片，並寫著：「不能讓我的朋友Koujirou失望，我訂了前往東京的機票，並驕傲的加入塞爾維亞代表隊參加奧運（Cannot disappoint my little friend Koujirou. I booked my flight for Tokyo and will proudly be joining #TeamSerbia for the Olympics.）」Cannot disappoint my little friend Koujirou. I booked my flight for Tokyo and will proudly be joining #TeamSerbia for the Olympics. 🇷🇸 pic.twitter.com/23TmSdvc4x喬科維奇今年先後在澳網、法網、溫網拿下冠軍，與費德勒、納達爾並列男網第一，他這次參賽，被視為他將力拚成為首位男子選手年度「金滿貫」紀錄，在勁敵缺席的東奧賽場，喬科維奇能否再創驚奇，備受關注。如果要說本屆奧運最受關注的選手，一定不能不提，紐西蘭國家代表隊舉重選手重選手哈伯德（Laurel Hubbard）。現年43歲的哈伯德原名蓋文，1998年他參加男子組105公斤以上的比賽，以總和超過300公斤的成績刷新當時的紀錄，她在2012年進行變性手術，根據國際奧會規定，男變女的跨性別選手，只要經過醫學上認可的變性手術或賀爾蒙療法，達到睪酮指數低於10的標準，即可參加女子組比賽。不過哈伯德參賽依然引起不小的爭議，「大洋洲搶救女子體育」創辦人凱特琳迪薇絲認為，這將影響比賽公平，因為男性在生理上有優勢。CNN（@cnn）分享的貼文34歲牙買加籍田徑選手佛雷瑟普萊絲（Shelly-Ann Fraser-Pryce）在2008年北京奧運、2012年倫敦奧運的田徑場上，兩度蟬聯女子100公尺金牌，被人稱為「世界最快的女人」，但在2016里約奧運卻因傷止步僅獲銅牌，年歲漸增長加上東京奧運延期一年，讓她一度懷疑，自己是否還是當初那位女飛人。不過佛雷瑟普萊絲在6月金斯頓一場女子100公尺比賽中飆出10秒63，創下女子史上第二快的佳績，讓她信心大增，還在IG貼上跟計時器合照，寫著「我在這裡，Zyon的媽媽，34歲和⁠⁠最快的女人！⁠⁠」Shelly-Ann Fraser-Pryce（@realshellyannfp）分享的貼文 
東京奧運》單日確診連日破千 日本民眾憂防疫政策,2021-07-19,"目前日本仍維持緊急事態宣言，尤其東京都，連續幾天單日確診數破千人，不少日本民眾，對於政府防疫仍然信心不足，尤其各國文化不同下，入境後會不會遵守防疫規範。
",目前日本仍維持緊急事態宣言，尤其東京都，連續幾天單日確診數破千人，不少日本民眾，對於政府防疫仍然信心不足，尤其各國文化不同下，入境後會不會遵守防疫規範。日本東京都，連續幾天單日確診破千人，晚上的街頭，七點過後店家提早關門下，空蕩蕩一片。記者指出，「現在大概是晚上八點多，你可以看到現在人車非常少，可能是因為緊急事態的關係。」少出門，少接觸，尤其現在距離開幕不到一周，日本政府只能加強防疫，但對日本民眾來說，真的能信任嗎？日本民眾松本步純說，「確診人數逐漸增加的關係，現在緊急事態宣言再度開始，對於將要舉行的東京奧運感到非常的擔心，在這種情形下舉行奧運的重要性，感覺很難讓市民們理解。」日本民眾酒井美和也認為，「對舉辦奧運感到非常的擔心，國內感染者逐漸增加，舉辦奧運的對策感覺也不是很充足。」從這幾次事件中，國外選手、職員入境，儘管打了疫苗，還是陸續傳出確診，甚至烏干達選手，還逃出飯店，尤其奧運泡泡中，能出門15分鐘的規定，讓民眾更反感。日本民眾三木秀一表示，「同學們都有小孩的人很多，所以他們很擔心開奧運，國外的記者來日本，可以出門15分鐘，這樣也很辛苦了，乾脆就不要開放，我們都是這樣覺得。」此外開幕後，醫療資源，更讓日本民眾最擔心的是，「(奧運中)疫情發生很多的時候，一定醫院會不夠。」、「若是確診人數迅速增加，會擔心醫院，或基層醫療診所負擔加重。」現在開幕倒數，日本政府，也不斷滾動式修正，針對各國入境者，都有一套防疫規定，但管理上偏向自律，面臨各國文化不同，光是能不能戴好口罩，保持安全距離，還是如外界所戲稱的，真是佛系防疫？ 
東京奧運》選手村2隔離中運動員染疫 來自同一國同項目,2021-07-18,"東京奧運倒數五天，疫情仍然十分嚴峻，東京奧組委18日公布10例相關人員新增確診病例，其中包括兩名參賽運動員，成為選手村選手染疫的首例，國際奧委會強調情況都在掌握中，不會讓疫情擴散。
",東京中央區的奧運選手村17日傳出首例確診者，是海外代表團的工作人員，18日再新增兩例陽性，是入境隔離還沒期滿的參賽運動員，成為選手村選手染疫的首例。這三名選手村的確診者都來自同一國，同團的成員已經被要求在房間自主隔離。東奧組委會發言人高谷正哲宣布，「我們今天公布的兩起確診，第53、54例是跟昨天的確診者來自同一國、同競技項目的團體。」另外還有一名海外選手也確診，不過不住在選手村。東京奧組委跟國際奧委會18日在記者會上，宣布當天共新增十例相關人員確診，包括大會關係人與選手、媒體、包商等。國際奧委會委員、南韓桌球協會主席柳承敏，出發前兩次篩檢陰性，也打過兩劑疫苗，17日在機場仍然確診，捷克代表團的職員也在機場篩檢出陽性。東奧這個月已經累計五十多起相關人士確診，個資詳情沒有公開，奧委會強調不可能百分之百避免，但嚴格把關不會讓疫情擴散。國際奧委會執行長杜比指出，「沒有零風險這樣的事情，我們都同意在此同時，人群的往來和交會極其有限，非常非常有限，我們可以確保團體之間的傳播幾乎是不可能的。」日本東京都12日起第四度進入緊急狀態，最近連續五天新增病例破千，17日達到1400人的半年新高。民調顯示，反對舉辦奧運的聲浪，在開幕前仍然居高不下。 
捷克奧運代表團1隊職員確診 其餘成員檢測結果皆為陰性,2021-07-18,0,捷克奧林匹克委員會發聲明表示，捷克奧運代表團搭機抵達東京後，有一名隊職員的新冠病毒檢測是陽性。代表團其他成員檢測結果都是陰性，而確診的男性隊職員無症狀，目前隔離中，同機被匡列為密切接觸者的其他成員也進行隔離。
 東京奧運》女子拳擊4女將征戰東奧 教練團認為是奪牌機會最大的一次,2021-07-16,台灣在東京奧運女子拳擊項目拿下四張門票，寫下紀錄，由於兩位世界排名第一、一位第二，一位第五，教練團認為，是奪牌機會最大的一次，其中第二次出征奧運的陳念琴，目標只有金牌。,拿出速度和力度積極進攻，和男選手對打，陳念琴無所畏懼，這是教練柯文明為愛徒，從75公斤調降到69公斤級，安排的每日訓練。東京奧運女子拳擊國手陳念琴分享，「在跟男生打的話，男生可以幫助我在技術上很多的，很大的提升，最基本的就是可能耐打，因為男生力量本來就大，有時候我們就是在訓練上也會轉換跟女生，節奏就馬上變換，其實這樣跟男生跟女生訓練，其實對我都是有很大幫助。」全心投入訓練，提升靈活優勢，陳念琴坦言，和2016里約奧運的自己相比，不只技術提升，心態更為成熟，目前世界排名第二的她霸氣說，就是要金牌！東京奧運女子拳擊國手陳念琴表示，「以前我們對於里約奧運，我們就是要打進里約奧運，我們的夢想其實就是打進奧運，但我們沒有想到獎牌這件事，這一次我跟教練就說，好，我們這次要奧運金牌，我們一定要奧運金牌，我們心裡設下奧運金牌，我們就努力去做。」陳念琴不是東奧拳擊擂台唯一拚搏的台灣選手，因為林郁婷、黃筱雯、吳詩儀，也在2020年三月搶下門票。林郁婷和黃筱雯暫居57公斤級和51公斤級的世界第一，175和177公分皆有身高優勢，兩人深知必遭他國選手鎖定，倒數階段，降重比賽的黃筱雯，重心放在力量和速度，增重比賽的林郁婷，強化體能。東京奧運女子拳擊國手林郁婷表示，「畢竟從51(公斤)跳到54(再跳到57)，你的肌肉就跟蓋房子一樣，你的肌肉沒有建構好，你要怎麼去跟他們抗衡，其實這一點是這一年來，我們就是團隊一直在為了這個目標而去做努力。」東京奧運女子拳擊國手黃筱雯說，「我的話是以距離的方式打，他們(對手)就會比較猛攻型，對，就是可能一進來就是拳多，我的話盡量可能就是要避免她進來的時候，去做一些防守跟攻擊。」22歲的吳詩儀，4人中最年輕，每天跟著三位學姐練習，收獲良多，但大賽經驗不足，教練不時信心喊話，年紀輕不是理由，去奧運就要獲勝。東京奧運女子拳擊國手吳詩儀說，「希望這次奧運可以就是獲得一個很好的經驗。」四位拳擊好手取得奧運門票後，因疫情超過一年沒再出國比賽，教練團只能透過不同方式，突破體能與技術，如今，東京疫情依舊嚴峻，他們期待奧運順利進行，站上擂台、帶回獎牌。 
東京奧運》東奧防疫規範細瑣待溝通 採訪工作考驗多,2021-07-16,東京奧運開幕在即，但卻有不少協助交通與相關服務的志工退出，奧組委在主媒體中心，各場館以及接駁車的站點，都派駐工作人員與志工協助。加上因應疫情，防疫規範細瑣，也增加媒體採訪的困難度。,在國際轉播中心休息區協助整備物資，來自台灣的陳宣，是東京奧組委先前到日本各大學招聘的短期工作人員。東京奧運短期工作人員陳宣說，「奧運不太可能在台灣辦，所以說能有機會參加還是蠻不錯的這樣子，我們那一個組就是負責這些，來自世界各地的攝影師的，像是簽證，然後班機、食宿等等。」會說日文、中文和英文，媒體有問題時，陳宣的多國語言能力派上用場，而受疫情影響，提供交通與相關服務的志工陸續退出，奧組委派駐臨時人員在各場館，接駁車站點以及記者下榻旅館協助。東京奧運短期工作人員片桐先生說明，「公車來的時候會有人要上車，就是檢查一下他們牌子有沒有TM兩個字，因為只有他們可以上車，可能公車有時候有出問題的話，就要打電話給負責的人報告一下。」盡可能提供協助，就像上午在主媒體中心前的安檢，出現記者證怎麼掃都無法感應的情況，30分鐘內立即製作新證件。有記者認為，到目前為止服務不錯，沒碰到難題，但也有人說，要得到所需的資訊，需要花費不少時間香港有線寬頻記者劉浩廷指出，「今天我嘗試去預訂那些場館，就是去裡面(採訪)，我就傳電子郵件給一個經理，然後他就告訴我，不是我們，是OBS另外一個經理，然後OBS另外一個經理就告訴我們是第一個我發郵件的經理，所以很多這些溝通細項的問題，還沒有完全的解決。」第一次採訪奧運的香港記者劉浩廷覺得，問題出現時，奧組委保留彈性，採別種方式對應很不錯，但很多問題確實無法立即解決，開幕在即，難免擔心之後的工作是否受影響，順利進行。  
東奧現場直擊》採訪僅限90秒 記者拿2公尺長收音器備戰,2021-07-16,2020東京奧運倒數一星期，公視新聞記者採訪團隊在7月14日先後抵達日本，率先為採訪為期2週的奧運賽事暖身。因為新冠肺炎疫情影響，日本奧會再三強調，將嚴格控管記者行蹤，公視記者林曉慧、林靜梅帶來第一手現場消息。,奧運採訪團出發前，需準備登機前96小時內兩次PCR陰性證明與相關文件，且為了避免和一般旅客接觸，奧運採訪團下機後，由專人引導、使用特別通道。量測體溫後，大會指定使用的App-ocha啟動，裡面得有個人所有資料：包含日本厚生勞動省指定日文版本PCR陰性證明、在日本當地住宿資料。若沒完成產生個人QR-Code，不能進入下一關採檢。記者林曉慧拍攝下榻旅館的畫面說：「我們下榻旅館算是簡便餐廳，那因為它這棟旅館還有收其他的日本客人，它為了要做分流，就把國外進來的記者或是工作人員安排在另一處。」旅館的簡便餐廳座位兩兩相隔，並沒有擺設隔板，提供類似自助餐的和式餐點，但在餐點旁擺放手套，必須戴上手套才能取餐。東京奧運為了防疫，訂下六大項記者採訪規範，其中「和選手必須維持2公尺距離」、「採訪不得超過90秒」對記者來說都是一大挑戰。記者林靜梅為了採訪，特別借來一支「Boom桿（收音器）」，並說這次問題可能要非常精簡，不然可能時間不太夠用，「這也是這次採訪非常焦慮與挑戰的地方。」被問到能否持2公尺長的收音器90秒，林靜梅笑著說：「應該還撐得住啦！」日本東奧組委會主席橋本聖子曾經在6月9日宣布，奧運官方將以GPS密切監控媒體，他們不能去預定行程中沒有註冊過的區域採訪，入境14天內也不允許搭乘大眾運輸工具，採訪區域也將受到限制。7月1日紐約時報等12家媒體曾提交聯名抗議信，認為日本奧會侵犯新聞自由，但東京奧組委稱，這是鑒於當前形勢的必要措施，對參加者與日本居住者而言都十分重要。「每一次奧運都是全新的挑戰」連續跑過3屆奧運賽事的林曉慧這樣說道，但她也因為這次東京奧運遇到一些令人頭痛的事情，比如接駁巴士時間表有落差，導致她不得不用電話找防疫計程車，卻連打3次電話才聯絡上車隊，讓她看到計程車時直呼：「我今天沒有這麼開心過。」奧組委規定記者不得離開旅館15分鐘，林曉慧實測從旅館步行到30秒路程的便利商店，光選購、結帳、微波，回到旅館就耗掉10多分鐘。林曉慧說，她曾在里約奧運看過同業當街被搶、有人拿小刀挾持記者，而2020東京奧運碰上新冠肺炎疫情，對於記者來說也是一大挑戰。 
東京奧運》媒體中心採訪團陸續進駐 採訪泡泡防止與民眾接觸,2021-07-16,0,東京奧運主角除了選手之外，記錄下選手表現的媒體記者也很重要。來自世界各地的採訪團陸續進入媒體中心，東京奧運針對各國記者都有特殊的防疫管理方式，入境後14天必須遵守相關規範，嚴禁搭乘大眾運輸工具，就是要降低跟日本民眾的接觸。日本東奧防疫第一，儘管有採訪泡泡，不用像台灣真的隔離14天，但14天內只能場館、飯店兩邊跑。坐上接駁車，來自各國的記者都有保持安全距離，場館裡有特別的接駁巴士，但必須出示相關證明才能搭，也才能到達指定的比賽場館。比賽場館還沒開放，如果要去，還得去指定中心進行專車申請，至於專責計程車也必須要電話預訂，也相對昂貴。不過司機只有戴口罩，沒有穿防護衣。今年的東奧媒體中心，有提供各式各樣軟硬體服務，像是相機租借、購買版權照片等等，裡面還有好幾台專門給媒體使用的比賽資訊查詢系統。來自澳洲的知名體育記者已經第六度採訪澳運，她表示日本人辦事相當令人放心。澳洲九號電視網記者克里絲汀說：「這是我第六次採訪夏季奧運會，真的是很特的體驗，正常狀態的話我應該是在東京街上，說東奧的故事給澳洲的觀眾知道，但這兩週我無法這樣做，雖然說是很嚴峻的疫情狀態，但我們都能理解防疫措施，也很開心來採訪。」在奧運正式開幕之後，整個媒體中心將會非常熱鬧，東奧也準備簡單的茶水點心站，讓世界各地的媒體可以補充能量。 
東奧23日開幕 日方對外媒嚴格執行高規格防疫,2021-07-14,"再過9天，東京奧運開幕，日本政府嚴格執行入境旅客的防疫規定，公視這次與愛爾達體育台、東森電視合組的採訪團，今天出發，已經抵達東京，透過記者林曉慧、沈志明的入境過程，一起了解日本為了這次奧運，採取了哪些邊境防疫措施。
",11日週日上午，三軍總醫院PCR採檢處大排長龍，許多人為了出國所需的陰性證明而來，包括了準備前往東京採訪奧運的記者。記者林曉慧指出，「奧組委配合日本政府的規定，所有入境的記者在入境前必須做兩次的PCR，其中一次96小時，第二次最重要，是72小時前。」帶上登機前96小時內兩次PCR陰性證明與相關文件，14日清晨，我們來到桃園機場完成報到，做好全副防護登機。記者林曉慧介紹道，「透過畫面可以看到，在這個飛機上其實乘客並沒有非常的多，這次東京奧運的採訪團，為了配合這個東京奧組委的規定，所以大家是坐在這一個整個機艙的後排，等到到了東京之後，必須接受工作人員的引導，在最後才下機。」避免和一般旅客接觸，奧運採訪團下機後，由專人引導，使用特別通道，量體溫之後，大會指定使用的App-ocha 啟動，裡面得有個人所有資料、日本厚生勞動省指定日文版本PCR陰性證明、在日住宿資料，若沒完成產生個人QR-Code，不能進入下一關採檢。記者林曉慧說，「入境之後一個最重要的程序就是進行採檢，日本這邊的採檢是採用深喉唾液，現在可以看到大家都在這邊等待採檢的公布結果。」幾番折騰，口水很難一下吐到指定的量，也有記者改以咽喉拭子進行，而等待的30分鐘，心情忐忑，因為若陽性，得進行二採，若二採陽性，嚴重的直接送醫隔離。記者林曉慧表示，「從下飛機到現在大概兩個半小時的時間，我們完成了採檢陰性的證明，以及拿到最重要的記者的採訪卡，接下來就必須在日本政府以及奧組委的規範之下，進行採訪的工作，隨時有最新的消息，公視新聞都會為您掌握。」 
東奧不只要防疫 專家提醒勿輕忽震災、風災等防災準備,2021-07-13,日本東奧進入倒數10天，就要開幕，選手村也在今天正式啟用，外媒報導，現在除了疫情，還有許多致命、無法預測的威脅，像是地震、颱風等天災需要應對，其他像是高溫溼熱等問題，在夏季舉辦奧運的其他問題，也開始浮出檯面。,東京奧運倒數剩下10天，東京奧運選手村在13日正式啟用，讓選手跟工作人員陸續入住。但受到疫情影響，啟用後並沒有辦理啟用、跟選手亮相儀式。外媒報導，現在東奧除了防範疫情擴大外，還需要應對很多致命、無法預測的自然災害威脅。美籍英語教師麥克說：「這個嚴重性絕對是來自於地震，我從來沒有覺得地震能這麼嚴重，除非你經歷過，否則你不會真正想到這種威脅，這就是我會永遠記住的個人體驗。」法新社報導，日本經常發生地震和颱風襲擊，專家就提出警告，奧運這麼重大的賽事，不應該因為防疫，就讓輕忽了防災的準備。像是2011年的311地震，就造成嚴重海嘯，上萬人死亡，還釀成福島核災。而2019年在日本舉辦的世界盃橄欖球賽，因為強烈颱風哈吉貝停辦了3場比賽，還造成了超過百人的死傷。為了防災，東京都政府表示，包括奧運排球競賽會場「有明體育館」，許多會場都有巨大的減震橡膠墊，能確保地震發生時的安全，還能當成避難所使用。日本池袋就有個防災館，能讓遊客學習在災難中，如何安全避難。池袋防災館副主任米山晃司指出，「這裡的設施，有很多像是地震等火災時滅火方法，躲避煙霧等，能學習在災害發生時，保護好自身安全的正確方式設施。」專家表示，平時的災難與疫情下的災難避難方式大不相同。目前首都圈的比賽因為不讓觀眾入場，減少了災害時疏散大規模人口的問題，但還是有選手、媒體跟工作人員的避難問題要解決。而在震災、風災之外，日本夏季時，選手跟工作人員要面對高溫溼熱所引發的中暑狀況，也是奧運舉辦期間，將要應對處理的問題。 
東奧視訊授旗 戴資穎、李智凱4人領軍力拚佳績,2021-07-12,東京奧運倒數計時，今年的授旗儀式第一次改為線上舉辦，總統蔡英文親自為我國代表團授旗，大部分的選手開視訊、透過螢幕參與典禮，僅由羽球世界球后戴資穎、鞍馬王子李智凱等4位選手親自出席、降低群聚風險。戴資穎坦言，受到疫情影響，確實不曉得本屆奧運的狀況會怎樣，但仍然會努力適應環境，爭取最好的成績。,「團旗飛揚，團結隊伍。」揮舞團旗、再將旗幟授予我國奧運代表團，預祝旗開得勝，東京奧運23日登場、台灣代表團19日包機出發，東奧備戰進入最後倒數，蔡英文總統上午親自前往國訓中心，將代表台灣出席東京奧運的行政院政委唐鳳、以及教育部長潘文忠等人陪同下，參與首次線上授旗。總統蔡英文說：「有羽球的世界球后、有體操的鞍馬王子、有亞洲標槍第一人，這幾年來台灣的體育選手不但人才輩出，也形成了最堅強的黃金世代。」本屆奧運我國共派出66位選手，參加18種運動競賽，但基於防疫考量，僅由世界球后戴資穎、鞍馬王子李智凱等4位選手代表出席。東奧是史上首次延期舉辦的奧運會，而且不開放觀眾進場，外界好奇選手們，這一年來怎麼調配心情？能否適應沒有加油聲的競賽場？羽球選手戴資穎說：「不曉得會是怎麼樣，因為這一次疫情的關係，所以可能會跟以往很不一樣，所以就是努力地去適應各種環境，去爭取最好的成績。」體操選手李智凱則表示，他認為這次重點是擺在防疫物資，因為畢竟這次不確定性比較多，所以對自己有更多的保護，其實是更重要的。疫情肆虐下，選手們也少了許多「以戰養戰」的機會，李智凱說，國訓中心進行了不少「模擬賽」，期許自己能揮別過去的落馬陰霾、全力以赴。 
東奧開閉幕、首都圈內賽事 不開放觀眾進場,2021-07-09,東京奧運的聖火，今天傳遞到東京，受疫情影響，聖火的傳遞，除了離島區，其餘地方完全取消公路繞行，只進行火炬接棒儀式。至於在奧運觀眾人數，包括開閉幕，和所有在首都圈1都3縣的競賽，都確定將以無觀眾的方式進行。,手上拿著聖火火苗，坐在輪椅上的聖火跑者，在義工的協助下，將聖火正式交給東京都知事「小池百合子」。東京奧運聖火的傳遞，9日傳到東京。在疫情影響下，東京除了離島區，其餘地方完全取消公路繞行傳遞，只會在定點區，進行火炬交接儀式。東京都知事小池百合子表示，「東京聖火傳遞從今天起15天，所有東京各區市町村都會參加，受新冠病毒疫情影響，無法在馬路上傳遞火焰。由於東京確定從12日起到8月22日，進入第4次緊急狀態，在8日晚間的IOC國際奧委會、日本奧委會等5方會談下，確定首都圈的東京、埼玉、神奈川跟千葉的賽事以及開閉幕，全以無觀眾方式進行。東奧組委會秘書長武藤敏郎說，「但我們有奧運相關人士，這些人不是觀眾，是帶著各種工作角色的人士，這些工作人員是可以進入會場的。」因為不允許觀眾入場，外界預估當局可能會採取其他方式，像是日前在福岡的職棒比賽， 就採用20個跳舞的機器人，來加油。或是過去台灣設立假人、南韓用人型看板等方式，讓東奧選手感覺不孤單。除了首都圈，目前宮城、福島、靜岡這3地的比賽，依舊維持觀眾人數上限，在場館人數50%以內，或最多1萬人。另外茨城的足球競賽，只允許有合作的學校師生進場觀賽。而北海道的馬拉松、足球競賽，目前還沒決定。 
東京第四度頒布緊急事態宣言 奧運首都圈場館將不開放觀眾進場,2021-07-09,日本東京第四度頒布緊急事態宣言，從7月12日將一直持續到8月22日，也代表東京奧運將在嚴格的防疫措施下進行。日本政府在昨晚的五方視訊會談決議，首都圈的賽事將史無前例不開放觀眾進場；至於其他地區的賽事，則將和各地政府協調後再做決定。,8日晚間的東奧五方視訊會談，出席者包括當天抵達日本的國際奧會主席巴赫、東奧組委會主席橋本聖子、帕運代表、日本奧運大臣丸川珠代和東京都知事小池百合子。由於首都圈新冠疫情升溫，會議達成共識，東京都、琦玉縣、神奈川縣和千葉縣舉行的開閉幕式及大多數賽事，將史無前例不開放觀眾進場。日本奧運大臣丸川珠代表示，「在政府決定延長東京的緊急事態宣言後，國際奧會、國際帕運會、東奧組委會、東京都、日本政府已同意在東京的東奧場館，不開放觀眾進場，並將與其他地區的當局討論該如何應對。」由於日本政府8日對東京都第四度發布緊急事態宣言，從7月12日將一直持續到8月22日，也代表東奧將在嚴格的防疫措施下進行；東奧組委會表示，觀賽門票已經售出363萬張，將對東京都內場館售出的門票辦理退費。東奧組委會主席橋本聖子指出，「對那些期待的人，我非常抱歉，因為許多因素，例如減輕醫護負擔以及獲得許多人的諒解，導致了今天的決定，部分場館不開放觀眾。」同樣受到疫情衝擊的還有東南亞運動會。東南亞運動會原訂今年11月要在越南河內等11個城市舉辦，不過越南目前正努力對抗新一波疫情，因此宣布將賽會延期，可能將延到明年4或5月舉行。
東奧倒數》東京緊急狀態延長至奧運結束 聖火傳遞明起全面取消,2021-07-08,日本東京疫情持續蔓延，連續18天確診患者超越上一週，日本政府今天宣布從12日開始，針對東京再度進入第4次的緊急狀態，實施到8月22日的東京奧運結束為止。另外，針對聖火傳遞活動，也將從明天開始全面取消，只維持點燃聖火台的儀式。,日本東京疫情不斷擴大，7日確診人數達到920人，是5月13日以來，再次出現單日確診超過900人的情況，連續18天確診患者都超越上一週，日本政府8日宣布東京從12日開始，到8月22日奧運結束為止，進入第4次的緊急狀態，沖繩也將延長緊急狀態到奧運結束。東京都知事小池百合子表示，「因為現階段是(確診數)持續上升，現階段也必須採取這種措施，實際實施的效果擔保如何，將會跟西村大臣商討，一起合作提升執行效果。」一旦東京再次進入緊急狀態，也將會再度執行對店鋪的禁酒令。只是這次預計大型設施、賣場，都不在要求暫停營業。而埼玉、千葉、神奈川、大阪等4個區域的「防止蔓延措施」，預計會繼續延長，北海道、愛知、京都、兵庫跟福岡則會在11日解除。為了支持奧運舉辦，IOC國際奧委會主席巴赫已在8日抵達日本，將針對東京奧運的開閉幕儀式，以及賽事進行開放的觀眾人數進行近一步的協商，預期可能會再次降低觀眾人數。根據NHK報導，如果是東京都內的會場將提議5千人以下，或是依傳染情況跟專家分析意見，也可能採取無觀眾方式舉行。目前奧運聖火傳遞還在其他縣市進行，預計9日就會進入東京。但在疫情擴大下，東京都政府預計將取消除東京離島區域以外，所有在馬路上的傳遞活動，只維持點燃聖火台的儀式。民間反對舉辦奧運的聲浪越來越大，這個月4日在茨城縣水戶市傳遞聖火時，有婦女用水槍企圖撲滅聖火，隨後被警方逮捕。 
東奧倒數系列報導》變種病毒虎視眈眈 從數字看日本疫情現況,2021-07-08,6月20日，日本解除東京都、北海道，京都府、大阪府等9個都道府縣的「緊急事態宣言」，不過東京都確診人數解禁後一路攀升，到7月7日一天確診人數高達920人。為了確保醫療量能充足，日本首相菅義偉7月12日第4度對東京都發布「緊急事態宣言」直到8月22日，換句話說，整個2020東京奧運會期，都將在「緊急事態宣言」中度過。,"為了因應東京都第4度緊急事態宣言，日本奧會決定東京、神奈川、千葉和琦玉的賽館一律「空場」舉辦，只有奧運相關人員得以進場。「雖然很遺憾，但我們認為舉辦空場賽事，能獲得更多人對舉辦奧運的理解。」日本奧委會主席橋本聖子在7月8日的記者會這樣說道。根據防疫規定，原訂7月23日舉辦的「2020東京奧運開幕式」也將關起門來，民眾只能從轉播鏡頭一睹開幕式風采。2019年3月21日，在一片熱烈掌聲當中，日本設計師吉岡德仁打造的2020東京奧運聖火炬正式亮相—從上面看下來，聖火炬宛如一朵櫻花，五片花瓣同時象徵奧運5環和五大洲。吉岡還在裡頭加入小巧思，帶點櫻花粉嫩色澤的鋁金屬，其中30%的材質，取自311地震災民組合屋的廢棄建材。只是任誰都沒想到，這朵象徵「重建」的東奧之花，會在因為新冠病毒肆虐，亂了遍地開花的計畫。戒菸只為一圓傳遞聖火夢的搞笑藝人志村健，更在去年東奧宣布延期前，不敵新冠肺炎離世。開幕式前十五天，聖火傳遞更從「動態接力」改為「靜態點火」。東京都政府7日以防疫為由，宣布取消在公路上的奧運聖火傳遞；直至開幕式前，東京都內的儀式都改在網上直播，並呼籲民眾在家觀看。2019年12月中國武漢地區首度出現新冠病毒感染案例，時隔4個月，2020年3月11日世界衛生組織宣布，COVID-19疫情已構成「全球大流行」，日本自然也無法倖免於難。根據美國國家衛生研究院（National Institutes of Health, NIH）的資料顯示，日本從2020年2月3日首度確診20例，同年4月感染人數急遽飆升至5位數；與此同時，全球COVID-19確診數突破140萬人，各國封鎖邊境、經濟停擺，國際媒體紛紛用「最黑暗的一天」形容當時疫情，卻又看不到一絲曙光。有鑑於新冠肺炎疫情嚴重，國際奧會與時任日本首相安倍晉三在2020年3月24日達成協議，2020東京奧運延期一年，期盼奧運聖火能成為這段黑暗時期的明燈。國際奧會主席湯瑪斯·巴赫（Thomas Bach）更拍影片向運動員喊話：「你可以確信你的奧運夢想將會實現。」即使確診人數起起伏伏，但隨著變種病毒入侵，日本不得不宣布疫情告急。根據共同社報導，日本全國約三分之二的確診者都在東京，其中更有四成都是感染Delta印度變種病毒株，專家擔心，這隻被各國科學家形容為「十分狡猾」的病毒，未來可能擴及全日本。這把要照亮世界的櫻花火炬，在Alpha英國變種病毒株、Delta印度變種病毒株及Lambda秘魯變種病毒株的環伺之下，真的準備好了嗎？根據《朝日新聞》報導，截至2021年5月，日本政府手上握有1.94億劑輝瑞疫苗、5千萬劑莫德納疫苗、1.2億劑AZ疫苗，足以讓日本全國「打好打滿」，堪稱亞洲國家的疫苗富翁，甚至有餘裕拿疫苗做外交，捐贈疫苗給台灣、越南、泰國、馬來西亞、印尼、菲律賓等國。但事實上，根據牛津大學「用數據看世界（Our World in Data）」統計，截至7月5日，日本只有3300多萬人已施打疫苗、完整接種人數約1800萬人，佔總人口數的14.5%：每百人接種疫苗劑數為38.8劑，不僅遠低於美國的98.9劑、新加坡97.5劑，也比柬埔寨的46.7劑還低，更低於全球的41.3劑。日本人對接種疫苗持保守態度，其實有脈絡可循。1948年日本強制要求新生兒施打傳染性疾病疫苗，但在1970年代到1980年代出現多起疫苗事故，包含麻疹、腮腺炎、德國風疹等疫苗更出現重大副作用，影響上百萬新生兒，為此1992年東京高等法院裁定，因施打疫苗產生副作用的受害者可向政府索賠。天價賠償與未知的疫苗副作用，日本政府對全民接種COVId-19疫苗也持謹慎態度；日本厚生勞動省直至二月才通過輝瑞疫苗使用許可，三個月後，AZ疫苗和莫德納疫苗也獲得許可，不過日本政府同時也宣布，大型接種計畫使用莫德納疫苗；至於AZ疫苗在歐美出現多起血栓案例而不納入公眾接種。日本生技業者也對開發疫苗興趣缺缺，導致即使日本當局手握大量疫苗，民眾卻持觀望態度，接種意願不高。疫苗低施打率也引發日本人對東京奧運的憂慮。2016年移居日本的《紐約時報》東京分社社長素子·里奇（Motoko Rich）質疑，執意舉辦東京奧運的國際奧會與日本政府，如何確保數萬名運動員、7.8萬志工和醫務人員能安全不染疫？「這些人（選手、教練等）來自200多個國家，他們可能沒有想到戴口罩這麼重要，他們也許不會遵守所有規則，所以有人擔心，隨著所有人陸續到來，將會使日本疫情加劇。」里奇更將日本政府與二戰前的政府類比：「即使警告這（舉辦東奧）不是一個好主意，但他們還是會執意舉行，讓這個國家跟他們一起垮台。」2015年，時任日本首相安倍晉三申奧成功，被譽為射出安倍經濟學的第四支箭，他更在2016年里約奧運閉幕式時，打扮成超級瑪利歐俏皮登場，不過誰都沒有想到2020東京奧運會碰上COVID-19這個棘手難題。東奧倒數在即，各國元首都還在觀望是否出席開幕式，目前僅有法國總統馬克宏以2024巴黎奧運主辦國身份確定出席；如今更因為「緊急事態宣言」只開放相關人士進場，疫情下的東京奧運，少了觀眾的歡呼喝采，註定靜默開場。 "
東奧倒數系列報導》渡邊直美當「奧林PIG」？ 東奧爭議總整理,2021-07-08,東京奧運受COVID-19疫情影響，先天不良，後又爭議頻傳，後天失調，日本睽違57年第二次舉辦奧運，原該歡欣迎接大批觀光客的東奧之路，卻顯得舉步維艱。,圓潤的身材加上開朗的笑容，日本搞笑藝人渡邊直美，因為活潑生動的演藝風格，廣受日本跟台灣觀眾喜愛。不過就在2021年3月，東京奧運辦不辦還舉棋不定時，時任東奧開閉幕式創意總監的佐佐木宏提案，讓渡邊直美扮豬從天而降，取奧林匹克（Olympics）的英文諧音「奧林PIG」，引發軒然大波，更讓一向展現陽光開朗形象的渡邊直美，忍不住在直播時一度哽咽。擋不住外界批評聲浪不斷，即使當時距離東奧開幕僅剩4個月，日本奧委會主席橋本聖子也只能接受佐佐木宏辭呈，為東奧涉歧視言論止血。不過東京奧運相關人員失言惹議，還不只這一樁。今年2月3日，前東奧與帕奧組委會會長森喜朗曾在日本奧會（JOC）臨時評議會上，針對應增加女性理事名額至四成表達意見。森喜朗認為，女性理事變多的話，開會很浪費時間，「女人跟女人競爭意識很強，一個人要是舉手發言，另一個馬上也會想要講話。」這一番話曝光後，曾為日本首相的森喜朗，也立刻招來民眾強烈撻伐，橋本聖子也就在那時候臨危受命，接下奧委會主席一職。2015年日本公開徵選2020東京奧運與帕運的Logo，日本設計師佐野研二郎的「Tokyo、Team、 Tomorrow」在104件應徵作品脫穎而出。但在官方宣布徵選結果後不久，卻爆出佐野研二郎的設計，涉嫌抄襲比利時設計師奧立佛．戴比（Olivier Debie）為比利時列日劇院設計的Logo。雖然該劇院Logo未註冊商標，因此不構成實際抄襲行為，但東奧籌委會幾經討論，還是決定停用佐野研二郎的作品。最終東京奧運的Logo，由建築室內設計師野老朝雄的「組市松紋」圖樣雀屏中選。它由3種不同形狀的長方形組成，象徵包容與和諧，組市松紋可追溯至江戶時代，濃濃的日本元素，也是它獲選的原因。隨著動畫《鬼滅之刃》爆紅，主角竈門炭治郎身上的綠黑格紋羽織，也讓新的東奧logo備受關注。若要說東京奧運充滿負面新聞，其實也不盡然。「我們希望能把運動帶到年輕人的社群，因為現在年輕人實在是有太多其他選項可以選了。我們不能再像以往一樣，以為年輕人們會自動來找我們，現在是我們要主動走向他們。」國際奧委會主席巴赫（Thomas Bach）在2016年奧委會說道。2020東京奧運新增5項體育競賽，除了棒壘球賽事再相隔兩屆後重返奧運殿堂外，空手道、滑板（Skateboarding）、運動攀登（Sport Climbing）與衝浪（Surfing），都是因應國際奧會2014年開始的「Olympic Agenda 2020」改革方案而生。不過2024巴黎奧運已經確定取消空手道及棒球兩項競賽，改納霹靂舞（Break Dance）繼續與滑板、衝浪及運動攀登等新興熱門運動，吸引年輕人目光。現任中華民國霹靂舞協會理事長連勝文，曾在2020年霹靂舞奧運國手選拔積分賽展現舞技，由於那是2020年第一場奧運積分選拔賽，連勝文現場SOLO炒熱氣氛，令人印象深刻。 
疫情升溫 日4度發布東京緊急事態宣言,2021-07-08,0,日本東京疫情持續升溫，當局在7日晚間，確定將對東京都發布第四次緊急事態宣言，期限到8月22日，這也意味著，東京奧運將會在緊急事態下開幕。東京都昨天新增920例確診，是在今年5月13日新增1010例後，睽違兩個月、再度出現單日新增超過900例；根據NHK報導，因為東京都疫情快速升溫，當局決定轉為強化防疫的對策，從今天開始進入第四次緊急事態。另外各國東奧選手，陸續抵達日本，日本的奧運選手，也正式成團，日本首相菅義偉還錄製影片鼓勵選手；世衛組織的秘書長譚德塞，也考慮訪問日本，展現出支持東奧，已經做好防疫措施的態度。隨著變種病毒肆虐，南韓疫情再度升溫，6日單日新增確診人數，達到1212人，創下過去半年來的新高紀錄。其中首都「首爾」的確診人數，就超過總人數8成，南韓政府認為，國內疫情已經進入第4波，考慮升級防疫等級到第4級。 
東京疫情升溫擬延長防止疫情蔓延措施 屆時奧運入場觀眾人數恐要下修,2021-07-06,0,日本東京、實施「防止疫情蔓延」措施的期限到11日，不過，過去16天每天新增確診人數，都比上一週還要多，讓當局將在8日召開專家會議，研擬是否要延長期限。不過一旦決定延長，剩下不到3星期就要舉辦的東京奧運，觀眾人數的上限將有可能要再下修。距離東京奧運開幕剩下不到3星期，日本機場最近幾天來不斷有各國選手入境。日本東京從解除緊急狀態後，實施「防止疫情蔓延」措施到11日，但隨著過去16天，每天的新增患者都比上個禮拜多，讓當局將在8日召開專家會議，研擬是否要延長措施實施期限。一旦決定延長期限，即將舉辦的東奧賽事觀眾人數上限，將有可能要再下修。日本首相菅義偉表示，「防止蔓延措施(是否延長)的結論，我想是必須要盡快決定的，我們會一邊考慮整體措施，一邊進行(東奧)。」由於涉及觀眾人數上限可能改變，因為賽事相關門票的抽籤公布也將延後到這個月10日舉行。對於部分學校預訂門票給學生觀賽部分，有些學校已經決定退票，但仍有部分學校跟家長不想讓學生失望，卻又擔心防疫工作出現漏洞，學生跟老師也沒完全接種疫苗，在退票與等待抽籤中猶豫不決。東京白鳥小學校長田代淳表示，「移動(到比賽場地)時間很長，第2是針對如何應對在會場出現身體有狀況的人，我們對此還是覺得很不安，第3是還沒決定座位要怎麼保持社交距離呢。」另外，為了接下來迎接更多選手跟相關人士入境，除了航空公司的機組員，日前已經開始接種疫苗外，各家企業的地勤人員，也從6日開始陸續接種疫苗，做好防疫的第一線準備。 
東奧倒數系列報導》停辦怒火燒向日本選手 抗癌女泳士池江璃花子勇敢回應,2021-07-01,0,「陛下（日本天皇）對目前的新冠疫情非常擔憂，我能『體會』到，陛下擔心東京奧運和帕運將導致疫情擴大。」6月24日，日本宮內廳（掌管與皇室相關事務）廳長西村泰彥一段談話，宛如一發震撼彈，在日本政壇掀起軒然大波。1964年東京奧運、1972年札幌冬奧、1998年長野冬奧開幕時，都由時任天皇宣布開幕，不難看出「天皇」在歷屆日本奧運會的象徵意義。對於西村泰彥這番「體會」，首相菅義偉和日本奧運大臣丸川珠代都強調，這是西村彥泰的個人意見，丸川珠代更矢言，將嚴格落實防疫措施。2020年新冠肺炎疫情在全球爆發以後，國際奧會與日本奧會幾經波折才達成協議，將2020東京奧運延至2021年7月23日舉辦。一年多來，日本疫情時好時壞，包含東京都、北海道、愛知縣、大阪府、兵庫縣、京都府、福岡縣、岡山縣、廣島縣、沖繩縣等多個都府縣，從2020年4月起進入首次「緊急事態宣言」，到2021年6月27日，9個都府縣才解除第三次「緊急事態宣言」。但在日本東京都池袋居住2到3年的台灣人鄭傑看來，日本「緊急事態宣言」跟台灣防疫三級警戒的「宅在家救國家」不太一樣，更像柔性勸導溫情喊話，要民眾盡量遠離「三密」（密閉空間、人群密集、人員密切）場所。「我有加入一個羽球團，東京第一次宣布緊急事態宣言的時候，好像也只有我比較顧忌，沒有去練球，其他人似乎不太受影響。」雖然有幾場大型活動因此取消，但其它規定只對餐飲業較嚴格：餐廳最晚只能營業到晚上八點、營業時不得賣酒。至於日本人愛去的澡堂，只設定安全社交距離、溫泉或SPA正常營業，電影院甚至無需採用梅花座。當好萊塢深受疫情所苦，強片上檔遙遙無期的時候，2020年10月日本動畫《鬼滅之刃劇場版無限列車篇》一上映就掀起熱潮，光在日本就創下400億日圓票房新紀錄，終止電影《神隱少女》蟬聯19年日本最賣座電影的紀錄。「大哥沒有輸」的熱血口號，更讓《鬼滅之刃劇場版》直接登頂2020全球最賣座電影。 從鄭傑口中聽到的日本人防疫生活，澡照泡、球照打、健身也不能忘，但和台灣一樣的是，他們出門都會戴起口罩。日劇《天國與地獄》第一集，女主角綾瀨遙在電車裡忘記戴口罩遭眾人側目，還是靠男主角高橋一生的備用口罩解圍。不過日本政府對於奧運工作人員和選手防疫作為，就不是這麼一回事。全球200國、約1萬5千名運動員入境須出示登機前三日PCR陰性證明不說，賽會也將嚴格以泡泡模式進行，選手結束賽程兩天內就得離境，且不可與日本當地住民有任何接觸。遠道而來的外國媒體記者也將受到嚴格限制。東奧組委主席橋本聖子說：「我們將以GPS密切監控媒體，他們不能去預定行程中沒有註冊過的區域採訪，入境14天內，將不允許搭乘大眾運輸工具，採訪的區域也將受到限制。」不過在烏干達東京奧運代表團6月20日入境日本後，接連兩人確診感染新冠肺炎，日本政府研擬，代表團中只要有一人PCR陽性，全團就得隔離至採檢陰性為止。但這同時意味著，若外國代表團有人染疫，這些運動員最慘只能來個「東奧選手村」之旅。6月23日，距2020東京奧運開幕正好倒數一個月，東京奧會終於敲定場館人數上限為「場館容納總數50％、且不得超過1萬人」，東京奧運組織委員會也公布《觀眾指導方針》，明令不可在比賽場館銷售酒類、禁止飲酒；入場時、場館內必須一直配戴口罩。觀賽時不可大聲加油、嚴禁與其它觀眾或工作人員擊掌或勾肩、握手，票根至少需保留14天。根據日本野村總合研究所智庫估計，上述的人流管制措施，至少會讓日本政府短少日幣894億的門票與住宿收入。不過前日本央行貨幣政策委員會成員木內登英說：「在避免疫情擴大的前提下，討論觀眾的經濟損失，其實意義不大。」反對2020東京奧運的聲音從2020年疫情爆發之後，其實從來沒有停過，民眾的怒火近日還燒向選手。週日即將過21歲生日的池江璃花子2019年被診斷罹患白血病，生涯第二度進軍奧運賽事三個月前，名導是枝裕和與時尚美妝公司合作短片上線，外界得以一窺她的抗癌心路歷程。6月28日，日本游泳聯盟公布了國家隊名單，池江將代表參加女子自由式在內的三項接力賽。身為多項日本紀錄保持人，被各界譽為抗癌女泳士，但她的推特(Twitter)不斷湧入網友留言，要她支持奧運停辦。池江選擇勇敢面對網友，留言寫道：「延期一年的奧運，對我這樣的選手來說很幸運；反之，也有選手感到絕望。有疾病的我，即使奧運沒舉辦，我每天仍不安於重症化的風險。有人要求我表態反對舉辦奧運，我也無法改變任何事。」池江表示，關於奧運，她收到有好有壞的留言，為了不辜負支持者，她每天都勤於練習。「我和大家一樣強烈期待早日改變灰暗的世界，但針對運動員個人發難的話，那真令人痛苦。」 
東京都連8天確診比上週增加 傳天皇憂心東奧恐讓疫情擴大,2021-06-28,0,日本東京都解除緊急狀態後，連續8天確診人數對比上一週都有增加，讓專家憂心，這是東京疫情開始反彈的徵兆。由於東京奧運就要展開，傳出日本德仁天皇擔憂東奧可能導致疫情擴大，這樣的言論也引發爭議。澀谷街頭人來人往，儘管每個人臉上都戴著口罩，但人潮對比剛結束緊急狀態時，增加了5成以上。日本東京21日解除緊急狀態後，連續8天確診人數對比上一週都有增加，讓專家憂心，這是東京疫情開始反彈的徵兆。東京都醫師會會長尾崎治夫指出，「考量到外出人潮、Delta病毒等各種狀況，沒什麼條件能讓確診數減少，(東京新增患者)4星期後也可能會出現將近日增千人的數字。」由於距離東奧剩下不到一個月，東京知事小池百合子上週因為過度疲勞住院，原本預計這週要出院執行公務，但在醫師診斷下延長了住院時間，所有公務依舊由副知事執行。東京疫情還沒穩定，也傳出宮內廳長官西村泰彥在例行記者會上，表示德仁天皇很擔心疫情狀況。由於日本憲法規定，天皇不能參與政治，這番言論被視為是參政的行為，引起了爭議。不過日本首相菅義偉認為這是西村泰彥本人的看法，呼籲大家不要過度解讀。而德仁天皇也將以「東奧名譽總裁」的身分，出席奧運開幕式，宣布東奧開幕。另外，日本在疫苗接種比例雖然有大幅提升，但也爆出不少烏龍狀況。日媒NHK統計，到16日為止，日本已經施打2300萬劑疫苗，其中失誤狀況包括使用用過的針筒、算錯施打間隔日期，或是打到過期疫苗等狀況高達139件，其中有70件很可能會對民眾的健康造成重大危害。 
疫情+東奧夾擊 東京都知事小池百合子累倒住院,2021-06-23,0,再過一個月日本就要舉辦東京奧運，但是在疫情跟奧運前置作業的夾擊下，讓68歲的東京都知事小池百合子累倒住院，醫師診斷需要休養一星期，奧運前置作業暫時交由副知事處理。「讓大家這麼辛苦的盡力防疫，我衷心的感謝大家，很抱歉聲音變得這麼乾啞，讓大家聽這種聲音真的很過意不去。」穿著東京政府的公家制服，知事小池百合子22日維持慣例，召開相關專家會議了解疫情現況，但晚間卻傳出受到奧運前置作業跟疫情的夾擊，小池累倒住院。所有公務將移交副知事多羅尾光睦處理。只是距離東京奧運只剩下一個月，東京疫情過去幾天新增患者比上星期平均數字增加，讓專家憂心疫情反彈。對於奧運競賽場地中，原本官方有意開放銷售酒精飲料，卻引起民眾跟餐飲業者跟醫療人員的強烈反彈聲浪，讓當局最後決定順從民意，還獲得啤酒贊助商的同意。日本奧運大臣橋本聖子表示，「基於專家建議，為防止疫情擴大，日奧組委會決定競技會場內禁賣酒精飲料，也禁止喝酒，另外酒精飲料也不准帶入會場。」日媒NHK報導，經過日本超級電腦模擬後，發現變種病毒的傳染風險能在保持社交距離2公尺下，降為5分之1，因此在日前公布選手守則是要求必須要戴口罩，並且保持社交距離2公尺以上，才能有效降低疫情擴大風險。
東京奧運倒數30天》史上最燒錢的一屆 為什麼「2020東京奧運」不喊停？,2021-06-22,0,6月7日上午9時20分左右，日本奧林匹克委員會（JOC）會計部長森谷靖在東京都營地下鐵淺草線跳軌身亡，警方初步判定為自殺，但森谷靖輕生念頭眾說紛紜，有人揣測，森谷靖因為東奧延期一事，奔走不停向投資者、政府單位解釋資金運用；加上在野黨質疑JOC帳目不清、委外廣告公司每人每日人事費用高達35萬日圓（約新台幣8.8萬元），「奧運黑金」並一度成為日本社交網站的熱搜關鍵字。外界都在猜測，是東京奧運的這一筆爛帳，成為壓垮森谷靖的最後一根稻草。東京奧運是否有資金流向不明的弊案，尚不得而知。但當國際奧會主席 Thomas Bach 與日本首相安倍晉三在2020年3月24日共同宣布延期的那一刻起，日本當局就得咬牙扛下高達6400億日圓（約新台幣1625億元）的損失，其中包含與贊助商重新議約、都市規劃全盤重來、工作人員薪資預算也得重新編列。「2020東京奧運」預計在2021年7月23日至8月8日舉行，倒數正式進入一個月，但迄今每天都有民眾上街高喊「取消奧運」，根據日本共同社4月民調，超過七成的受訪者希望奧運停辦，即使日本首相菅義偉在6月首次鬆口說：「保護日本國民的生命跟安全是我的職責，如果不能做到這一點，不辦東奧是很理所當然的事。」但東奧依舊沒有停辦的跡象。菅義偉喊出停辦奧運，背後要付出的代價，除了粗估超過1.8兆日圓損失，更將重創200多國參賽者的運動生涯—四年一屆的奧運，不僅是全球最高等級的體育賽事，更是各國好手被「看見」的機會，若能奪牌，商業代言、工作機會將如雪片般飛來。不過菅義偉的宣言，卻敵不過國際奧會（IOC）續辦奧運的決心。最關鍵的問題核心在於，日本與IOC簽訂的合約當中，主辦國其實不具備主動喊停的資格。奧運舉辦國合約第38條明訂，若東道國處於戰爭、內亂或國際奧會合理相信奧運參賽者的健康或安全受到嚴重威脅時，國際奧會有權終止奧運會。同一份合約裡寫道，與奧運相關聯的所有損害賠償，都將由負責舉辦的城市承擔。國際奧會更在6月15日發布號稱《最終版2020東京奧運手冊》（Third version of the Tokyo 2020 Playbooks）：詳列由日本政府為4萬名參賽者提供疫苗，但不強制施打；若有運動員確診，將適時調整比賽時間、選手、裁判人數，讓賽事得以順利進行等規定。換句話說，IOC不認為目前疫情會嚴重威脅參賽運動員健康；但日本則在天價求償、疫情風險間，舉棋不定。在IOC公布洋洋灑灑70頁2020東京奧運手冊的同時，日本奧委會（JOC）被媒體踢爆為選手村準備16萬個保險套，宛如鼓勵「人與人之間的連結」，在引起國際輿論之後，JOC緊急修改政策，宣稱16萬個保險套，將當作選手返國時的伴手禮。奧運選手村分發保險套，最早始於1988年的漢城（現中文譯名首爾）奧運，是為了消除愛滋病與提高民眾對愛滋疾病認知的宣導措施。但在不強制選手施打COVID-19疫苗的東京奧運差會場上，選手間的情慾流動，變成一項高風險行為。而且就在IOC信誓旦旦宣稱「我們準備好應對COVID-19風險」的時候，6月20日出國前打過疫苗、二採陰性的烏干達9人代表團，有一人被驗出PCR陽性，緊急送往隔離。紐西蘭公衛專家貝克（Michael Baker）接受媒體訪問時，直呼「執意舉辦奧運是荒謬的」，他認為，來自全球各地的運動員，儘管被要求施打疫苗，仍可能將病毒帶入奧運會場，相互傳染後，再帶回各自國家，屆時將變成一場大災難。時間回到2013年，東京擊敗馬德里和伊斯坦堡，拿下2020年夏季奧運和殘奧會主辦權。這場勝利，在當時被稱為「安倍經濟學的第4支箭」，粗估可為日本帶來300億美元的商機。不過錯把人流當錢流，是奧運主辦國常犯的錯誤。攤開歷年紀錄，舉辦奧運根本就是一場豪賭。1976年加拿大的蒙特婁拿下冬季奧運舉辦權，市政府認為「像男人沒法生孩子一樣，奧運也沒法虧本。」蒙特婁大興土木整頓市容、建造場館，結果債台高築，花了30年才把超過15億美元的欠款還清。不過1984年美國洛杉磯奧運一改過去的經營模式，利用現有場地，並和廣告商合作，在不跟政府拿一毛錢的情況下，獲利2.5億美元，堪稱歷屆奧運賺錢範本。現實是殘酷的，美國經濟學家安德魯‧辛巴里斯（Andrew Zimbalist）在他的著作《奧運的詛咒》中提到，從雪梨、雅典，北京到索契冬奧，歷屆奧運花費屢破新高。但其中充滿貪腐，國際奧委會承諾的效益從未實現，徒留龐大債務。辛巴里斯研究顯示，1950年到2005年的歷屆奧運，主辦國的GDP都沒有實質成長。如果奧運毫無油水可撈，那麼為何還是炙手可熱？辛巴里斯將其歸因於主辦國希望推銷形象、遊客如織的虛假想像，以及少數利益團體與國際奧會的搧風點火。變種病毒一再進化，COVID-19疫情持續延燒，日本已經確定不開放國外觀眾入場，更有可能朝閉門賽的方式進行，一旦決定如此，900億日圓（約新台幣228億）門票收入將一夕化為烏有。不過從IOC的收入結構來看，73%來自轉播授權、18%來自廠商贊助，卻是穩賺不賠的一門生意。倒數一個月，聖火還沒抵達主場館，東京奧運卻已經成為花費最高、收入最少的一屆賽事。
繼鄭兆村後第二人 標槍好手黃士峰85.03公尺直接達標東奧參賽門檻,2021-06-22,0,
東奧選手團首度傳出確診 烏干達一人入境後機場檢驗陽性,2021-06-20,0,
日堅持辦奧運 專家：人潮移動恐增疫情速度,2021-06-04,0,
日本再延長緊急狀態至6/20 全國醫師工會再次反對舉辦東京奧運,2021-05-28,0,
日本疫情嚴峻 民調近6成日人盼不辦東奧,2021-05-13,0,
日本逾30萬人連署盼停辦東奧 有選手被要求表態反對立場,2021-05-10,0,
日本黃金週首日東京確診破千 東奧不排除以無觀眾方式進行,2021-04-30,0,
日本3度發布緊急事態 菅義偉：盡力順利舉行東奧,2021-04-24,0,
大阪首次單日確診數破千 國際奧會：一定會辦東奧,2021-04-14,0,
東奧明倒數100天 日民調顯示逾7成民眾希望延期或取消,2021-04-13,0,
北韓開全球第一槍 為保護選手不參加東京奧運,2021-04-06,0,
日本游泳女將池江璃花子成功抗癌 取得東奧門票,2021-04-06,0,
日本新冠肺炎疫情無退燒趨勢 民眾上街反對東奧,2021-03-26,0,
備戰東奧 郭婞淳在內首波41位教練、選手接種AZ疫苗,2021-03-25,0,
東奧聖火傳遞起跑 日國家女足隊跑首棒,2021-03-25,0,
東奧一波三折 選手村延後交屋糾紛多,2021-03-24,0,
提議渡邊直美扮「奧運Pig」引發爭議 東奧創意總監請辭,2021-03-18,0,
日媒：東奧不開放海外觀眾賽 聖火傳遞儀式亦不開放觀禮,2021-03-10,0,
開放外國遊客入境看東奧？ 日：5方會談決定,2021-03-04,0,
東奧聖火傳遞 3/25起將跑遍47都道府縣,2021-02-25,0,
不受疫情阻撓 森喜朗：東奧一定會辦下去,2021-02-03,0,
國際奧會力挺東奧如期舉行 備因應方案,2021-01-28,0,
IOC保證東奧如期舉辦 且不閉門比賽,2020-11-18,0,
東京酷暑屢飆高溫 學者憂成奧運隱憂,2020-09-10,0,
無懼疫情 國際奧會：東奧明年如期舉辦,2020-09-08,0,
「延1年太樂觀」 有東奧籌委會委員盼延2年,2020-03-25,0,
東奧、帕運確定延期 最晚2021夏季前舉辦,2020-03-25,0,
日本首度鬆口 若疫情無法控制東奧恐延期,2020-03-23,0,
東奧被開第一槍 加拿大宣布不參加,2020-03-23,0,
支持東奧如期 中華奧會：不勉強選手參賽,2020-03-20,0,
國際奧會宣布 東京奧運確定如期舉行,2020-03-18,0,
東奧如期舉辦？ 日媒稱官方立場已動搖,2020-03-17,0,
東奧拳擊亞大區資格賽 台灣4女將獲門票,2020-03-11,0,
國際奧會信心喊話 東京奧運如期舉行,2020-03-04,0,
東京奧運延期？ 日官員：合約允許年底舉辦,2020-03-04,0,
東京奧運如期舉辦？ 日方：仍依時程籌辦,2020-02-26,0,
東京奧運飲食難題：滿足素食者的胃,2020-02-03,0,
自由車一哥馮俊凱 確認獲東奧參賽資格,2019-11-20,0,
為避暑熱 東奧馬拉松、競走擬移師北海道,2019-10-17,0,
林穎欣射擊世界盃摘銅 奪東京奧運門票,2019-08-29,0,
迎接東京奧運 日車廠推廣無障礙計程車,2019-08-28,0,
東京奧運上週總領隊會議 確認組團事宜,2019-08-27,0,
東奧準備進度超乎預期 場館工人控訴勞動條件差,2019-07-29,0,
2020東奧防中暑 體驗會測試降溫設備,2019-07-26,0,
東奧進入倒數一年 奧會主席擊劍助宣傳,2019-07-24,0,
東京奧運吉祥物 機器人版登場亮相,2019-07-23,0,
東奧主場館完工九成 開放媒體拍攝,2019-07-04,0,
東奧需萬名火炬手 17號正式開放報名,2019-06-18,0,
東奧網路購票開跑 熱門場次一票難求,2019-05-10,0,
備戰2020東奧 體育署擬定「黃金計畫」,2019-05-08,0,備戰2020東京奧運，體育署長高俊雄今天在立院指出，已鎖定27位選手實施「黃金計畫」，針對需求，提供特別訓練。此外，也將比照台北世大運和去年亞運，奧運培訓期的選手，投保短期失能險。民進黨立委 黃國書說，「讓這四面金牌穩穩到手，部長我會請一千份雞排，部長那你要不要跟進，那你請一千杯珍珠奶茶？」教育部長 潘文忠回應，「哦，我願意。」想要在東京奧運拿下四面金牌，離東奧還有一年兩個多月，還有很多事要努力，而黃金計畫培訓的27位菁英選手是重中之重。體育署長 高俊雄表示，「他可以使用的資源，完全依照這個選手，他在今年一直到明年參加奧運這段期間他需要怎麼樣的訓練跟什麼樣的參賽，拿到積分而不一樣。」體育署按世界積分與競技實力，將菁英選手分成三級，第一級有戴資穎，周天成，郭婞淳，空手道文姿云和李智凱，第二級有拳擊陳念琴，體操唐嘉鴻等11位選手，第三級則有鄭兆村，楊俊瀚，柔道連珍羚等11人。希望按菁英選手的需求，提供的客製化訓練，能確保實力或更上一層樓。高俊雄喊話，「我們要超越2016年里約奧運會的成績。」以超越歷屆成績，爭取最多參賽項目及資格為總目標，體育署始絡沒說出可能奪牌數。而對立委要求，應比照台北世大運和去年亞運，培訓期選手都該有短期失能險，部長潘文忠允諾會為所有選手加保。
東奧售票網上線 5/9日本國民可登記抽籤,2019-04-19,0,
東奧聖火造型出爐 櫻花金火焰象徵團結,2019-03-21,0,
日本奧委會主席請辭 預計六月底卸任,2019-03-20,0,
日本東奧招募8萬志工 逾20萬人應徵,2019-03-12,0,
國際奧會主席：歡迎「中華台北」 參加東奧,2018-11-29,0,
東奧入場安檢 擬採人臉辨識,2018-08-08,0,
